9.647638549250088,True
38.55678442879011,True
35.56544149496527,True
32.59384134045607,True
30.28470157613749,True
26.703473533975792,True
23.145416491424506,True
22.371988411138194,True
18.79558524815797,True
10.62006762043554,True
3.7238093630707607,True
1.8629209016336952,True
1.8629209016336952,True
1.8629209016336952,True
1.6354642206579342,True
1.381901992481459,True
1.9289685021234082,True
4.06572440990586,True
4.444278122675974,True
4.517441541719204,True
4.327037665547071,True
4.170038689358365,True
4.169065441145,True
4.169065441145,True
4.169065441145,True
4.169065441145,True
4.169065441145,True
4.169065441145,True
4.169065441145,True
4.169065441145,True
4.169065441145,True
4.169065441145,True
4.169065441145,True
4.169065441145,True
4.169065441145,True
4.169065441145,True
4.169065441145,True
4.169065441145,True
4.169065441145,True
4.169065441145,True
4.169065441145,True
4.169065441145,True
4.169065441145,True
4.169065441145,True
4.380938166957947,True
4.380938166957947,True
4.380938166957947,True
4.380938166957947,True
4.380938166957947,True
4.380938166957947,True
4.380938166957947,True
4.380938166957947,True
4.380938166957947,True
4.380938166957947,True
4.380938166957947,True
4.380938166957947,True
4.380938166957947,True
4.380938166957947,True
4.380938166957947,True
4.380938166957947,True
4.380938166957947,True
4.380938166957947,True
4.380938166957947,True
4.380938166957947,True
4.380938166957947,True
4.380938166957947,True
8.07885757813829,True
12.439726509665096,True
16.66535149340483,True
20.600169641496862,True
22.6817499238254,True
22.199173055868584,True
21.773939044550453,True
21.41285901171671,True
21.122676935424625,True
20.910038165486974,True
20.78146654083227,True
20.74333440046214,True
20.06195872049752,True
19.702934137712045,True
19.751942343571613,True
19.878822490578184,True
20.08467095684004,True
20.37036474726011,True
20.436092364139352,True
19.86047895187873,True
19.330586695181452,True
18.932466987935037,True
18.651560251877743,True
18.513795189953264,True
18.46827353121158,True
18.492270019134477,True
18.578502672498065,True
17.230721283643817,True
13.524749071940558,True
9.557056643547055,True
7.939995396356504,True
10.415940178017895,True
7.484361858096841,True
3.7266126491578766,True
1.9296644215689056,True
7.771402743659973,True
2.3507111046799682,True
2.0095589609117384,True
1.7496634673134208,True
1.6123275543489564,True
1.6123275543489564,True
1.5343910384620802,True
1.5343910384620802,True
1.5343910384620802,True
1.5343910384620802,True
1.5343910384620802,True
1.5343910384620802,True
1.5343910384620802,True
1.5343910384620802,True
1.5343910384620802,True
1.5343910384620802,True
1.5343910384620802,True
1.5343910384620802,True
1.5343910384620802,True
1.5343910384620802,True
1.5343910384620802,True
1.5343910384620802,True
1.5343910384620802,True
1.5343910384620802,True
1.5343910384620802,True
1.5343910384620802,True
1.5343910384620802,True
1.5343910384620802,True
1.5343910384620802,True
1.5343910384620802,True
1.41281335652009,True
1.3619325268328835,True
1.3646587518151654,True
1.3493651396818802,True
1.254105406510488,True
1.1630458217457984,True
1.2320761344887512,True
1.3170958356942586,True
1.206812028558411,True
1.030275870946893,True
1.030275870946893,True
1.030275870946893,True
1.030275870946893,True
1.030275870946893,True
1.030275870946893,True
1.030275870946893,True
1.030275870946893,True
1.030275870946893,True
1.030275870946893,True
1.030275870946893,True
1.030275870946893,True
1.030275870946893,True
1.030275870946893,True
1.030275870946893,True
1.030275870946893,True
1.030275870946893,True
1.030275870946893,True
1.030275870946893,True
1.030275870946893,True
1.030275870946893,True
1.4215242684025544,True
1.4215242684025544,True
1.3658056863321963,True
1.306644586621768,True
1.2480269738011092,True
1.1904131033536103,True
1.1730867289066824,True
3.3597359555279644,True
8.37287332448347,True
8.087071230453049,True
7.9286765260864325,True
6.9840201339335835,True
8.342953718490511,True
22.251901437415466,True
24.014745976706404,True
22.01040929400199,True
19.489256310829923,True
15.97600174088412,True
15.426918812540466,True
2.197331279746626,True
2.197331279746626,True
1.575958019025311,True
0.9573826483315104,True
0.7159710413368465,True
0.8184120802301239,True
5.742453064290989,True
10.105675958627975,True
11.883806374177095,True
11.115866733176215,True
10.992509476802423,True
10.992509476802423,True
10.992509476802423,True
10.992509476802423,True
10.992509476802423,True
10.992509476802423,True
10.992509476802423,True
10.992509476802423,True
10.992509476802423,True
10.992509476802423,True
10.992509476802423,True
10.992509476802423,True
10.992509476802423,True
10.992509476802423,True
10.992509476802423,True
10.992509476802423,True
10.992509476802423,True
10.992509476802423,True
10.992509476802423,True
10.992509476802423,True
10.992509476802423,True
10.992509476802423,True
10.992509476802423,True
10.992509476802423,True
10.992509476802423,True
10.992509476802423,True
10.992509476802423,True
10.992509476802423,True
10.992509476802423,True
10.992509476802423,True
10.992509476802423,True
11.428729126933424,True
11.453736778085954,True
11.40340078171719,True
11.357544322251622,True
11.3346907735239,True
11.3346907735239,True
11.3346907735239,True
11.3346907735239,True
11.3346907735239,True
11.3346907735239,True
11.3346907735239,True
11.3346907735239,True
11.3346907735239,True
11.3346907735239,True
11.3346907735239,True
11.3346907735239,True
11.3346907735239,True
11.3346907735239,True
11.3346907735239,True
11.3346907735239,True
11.3346907735239,True
11.3346907735239,True
11.3346907735239,True
11.3346907735239,True
11.3346907735239,True
11.3346907735239,True
11.3346907735239,True
17.45400473677179,True
24.335907864953803,True
23.96138180670041,True
19.176683554673442,True
14.009030980650172,True
10.325622922899507,True
6.611452798201552,True
6.167486841904532,True
8.862467020284585,True
10.234256358337696,True
6.824510616066628,True
3.1098219724565834,True
1.7200046482673998,True
5.777473856246655,True
9.397583036805424,True
8.437052266237199,True
8.415791198291506,True
4.113687165189226,True
4.113687165189226,True
4.356493179550489,True
4.459768430106093,True
4.312513760386935,True
4.072399623687128,True
3.9571805436375627,True
3.403139770493711,True
2.8183854430622586,True
2.3224766258030045,True
2.522995664197621,True
4.838215099533048,True
6.806546773530056,True
8.397301097885203,True
8.397301097885203,True
8.397301097885203,True
8.397301097885203,True
8.397301097885203,True
8.397301097885203,True
8.397301097885203,True
8.397301097885203,True
8.397301097885203,True
8.397301097885203,True
8.397301097885203,True
8.397301097885203,True
8.397301097885203,True
8.397301097885203,True
8.397301097885203,True
8.397301097885203,True
8.397301097885203,True
8.397301097885203,True
8.397301097885203,True
8.397301097885203,True
8.397301097885203,True
8.397301097885203,True
8.397301097885203,True
8.397301097885203,True
8.397301097885203,True
8.397301097885203,True
8.397301097885203,True
8.397301097885203,True
7.703851856263797,True
7.703851856263797,True
7.703851856263797,True
7.703851856263797,True
7.703851856263797,True
7.703851856263797,True
7.703851856263797,True
7.703851856263797,True
7.703851856263797,True
7.703851856263797,True
7.703851856263797,True
7.703851856263797,True
7.703851856263797,True
7.703851856263797,True
7.703851856263797,True
7.703851856263797,True
7.703851856263797,True
7.703851856263797,True
7.703851856263797,True
7.703851856263797,True
7.703851856263797,True
7.703851856263797,True
7.703851856263797,True
7.703851856263797,True
7.703851856263797,True
7.703851856263797,True
7.703851856263797,True
9.198433195696033,True
10.597921262164972,True
10.742908387449914,True
10.390409950564303,True
10.838766390701622,True
11.312535724451074,True
11.737872547403605,True
12.285301053869336,True
12.817560540886433,True
12.657045215507356,True
12.851176054302085,True
13.449990435009527,True
14.04636397524305,True
14.639397396046698,True
15.228261995747575,True
15.81219596650771,True
16.39049841098225,True
16.96252109233045,True
17.52765790405097,True
18.085331969453946,True
18.634980168076122,True
19.17603472850519,True
19.50859261636082,True
19.795152832752514,True
20.196892756846157,True
20.720307877835257,True
21.23092195586449,True
21.728338922836492,True
22.212080264080473,True
22.681550381491284,True
23.135994935031704,True
23.455386408346595,True
24.156777024548756,True
24.543262860720226,True
24.983632768045133,True
25.409522917655025,True
25.820417038973783,True
26.21556282868803,True
26.593909782010652,True
26.954027336367204,True
27.293994721707545,True
27.611249573253716,True
27.50111550529857,True
29.07732381487709,True
29.38310766653676,True
28.890680295873853,True
27.956823529988075,True
26.94164101558177,True
25.84025147111683,True
24.647723340977166,True
23.3592561007244,True
22.706111582759583,True
25.360061456209973,True
24.673819511688713,True
23.418625234126626,True
22.227706441094686,True
20.980906975011386,True
19.677273490037855,True
18.316883442419783,True
16.901116745172693,True
17.406395478729227,True
30.05766413607288,True
25.775560677367253,True
22.662480196438874,True
26.805391033187366,True
29.241827093544902,True
27.529932341349376,True
27.806383386240164,True
27.845045270912237,True
18.85046893653469,True
18.85046893653469,True
18.505698919478128,True
18.165397904134267,True
17.895117255626232,True
17.679596623835284,True
17.505633487173693,True
17.130908124214912,True
16.378222309364507,True
16.378222309364507,True
16.378222309364507,True
16.378222309364507,True
16.378222309364507,True
16.378222309364507,True
16.378222309364507,True
16.378222309364507,True
16.378222309364507,True
16.378222309364507,True
16.378222309364507,True
16.378222309364507,True
16.378222309364507,True
16.378222309364507,True
16.378222309364507,True
16.378222309364507,True
16.378222309364507,True
16.378222309364507,True
16.378222309364507,True
16.378222309364507,True
16.378222309364507,True
16.378222309364507,True
16.378222309364507,True
16.378222309364507,True
16.378222309364507,True
16.378222309364507,True
16.378222309364507,True
16.378222309364507,True
16.378222309364507,True
16.378222309364507,True
16.378222309364507,True
16.378222309364507,True
16.378222309364507,True
16.378222309364507,True
16.378222309364507,True
16.378222309364507,True
16.378222309364507,True
16.378222309364507,True
16.378222309364507,True
16.378222309364507,True
16.378222309364507,True
16.378222309364507,True
16.378222309364507,True
14.19026786696331,True
14.19026786696331,True
14.19026786696331,True
14.19026786696331,True
14.19026786696331,True
14.19026786696331,True
14.19026786696331,True
14.19026786696331,True
14.19026786696331,True
14.19026786696331,True
14.19026786696331,True
14.19026786696331,True
14.19026786696331,True
14.19026786696331,True
14.19026786696331,True
14.19026786696331,True
14.19026786696331,True
14.19026786696331,True
14.19026786696331,True
14.19026786696331,True
16.984943124107733,True
16.984943124107733,True
18.26033788580952,True
19.600571221901806,True
20.91979278684828,True
22.214206448796865,True
23.48030955585086,True
23.839745394683632,True
22.964433754671905,True
22.136934411901247,True
21.366218693535085,True
21.33656899048198,True
25.75455024192858,True
26.34639215667968,True
26.746406513563578,True
25.672474016404294,True
24.59943185559587,True
23.535079313269343,True
22.486565349771496,True
21.460304138978394,True
20.461920085454718,True
19.49622195462159,True
18.621849509775288,True
24.038555243890425,True
25.511373846509937,True
24.584791878974347,True
23.68352071200621,True
22.812182273521245,True
21.974676153340464,True
23.18772211616156,True
30.000390071990328,True
24.68048908253743,True
23.451581651191134,True
24.51172192744474,True
25.09444242004246,True
25.412634198511938,True
1.8074937219638758,True
1.8074937219638758,True
1.8074937219638758,True
1.8074937219638758,True
1.8074937219638758,True
1.8074937219638758,True
1.8074937219638758,True
1.8074937219638758,True
1.8074937219638758,True
1.8074937219638758,True
1.8074937219638758,True
1.8074937219638758,True
1.8074937219638758,True
1.8074937219638758,True
1.8074937219638758,True
1.8074937219638758,True
1.8074937219638758,True
1.8074937219638758,True
1.8074937219638758,True
1.8074937219638758,True
1.8074937219638758,True
1.8074937219638758,True
1.8074937219638758,True
1.8074937219638758,True
1.8074937219638758,True
1.8074937219638758,True
1.8074937219638758,True
1.8074937219638758,True
1.8074937219638758,True
1.8074937219638758,True
1.8074937219638758,True
1.8074937219638758,True
1.8074937219638758,True
1.8074937219638758,True
1.8074937219638758,True
1.8074937219638758,True
1.8074937219638758,True
2.391190290882892,True
3.056232196498325,True
3.480483657539415,True
3.8043320687492344,True
4.065840146681621,True
4.1809828865188745,True
4.1809828865188745,True
4.1809828865188745,True
4.1809828865188745,True
4.1809828865188745,True
4.1809828865188745,True
4.1809828865188745,True
4.1809828865188745,True
4.1809828865188745,True
4.1809828865188745,True
4.1809828865188745,True
4.1809828865188745,True
4.1809828865188745,True
4.1809828865188745,True
4.1809828865188745,True
4.1809828865188745,True
4.1809828865188745,True
4.1809828865188745,True
4.1809828865188745,True
4.1809828865188745,True
4.1809828865188745,True
4.1809828865188745,True
4.1809828865188745,True
7.480756418942889,True
10.827600872513356,True
12.966589362663107,True
13.258668523429682,True
13.55048834414773,True
13.841962393213004,True
14.133009815554585,True
14.38867181969377,True
14.713124785099108,True
15.013212133948018,True
15.312339992401993,True
15.610327811364058,True
15.906117081962778,True
16.200676519336664,True
16.49399618634252,True
16.786136308776456,True
17.077273116870842,True
17.36033763469216,True
17.63500517380595,True
17.906559677458798,True
18.174647595145334,True
17.713094532134747,True
15.831685805693416,True
14.197478653153704,True
12.587150296500182,True
10.926372175705817,True
9.279992268509833,True
7.649213195546943,True
6.035422675226006,True
4.44018303667672,True
4.842491402791052,True
10.47913409152138,True
9.432395439041459,True
8.111499248642998,True
6.812032316755214,True
5.536093634887789,True
4.3188991791563,True
8.929439073588197,True
16.708236311269484,True
16.00690096451469,True
14.689979521156124,True
14.07820583736531,True
21.592746039329505,True
26.355796358435228,True
26.550743309972397,True
26.712227311410455,True
26.8476365919047,True
27.389860181271867,True
27.592746237736836,True
27.721476539462614,True
27.643804787227843,True
28.060382460997413,True
28.12476758853233,True
27.82810325659164,True
27.52918377164598,True
27.225356112386674,True
25.067350369559666,True
20.941146410541254,True
16.619615530862937,True
12.229801412364564,True
3.8023072634614166,True
3.446250851039252,True
3.446250851039252,True
3.446250851039252,True
5.172866055451139,True
6.843785271303507,True
8.257066899282202,True
9.372458607836057,True
10.162206460599636,True
10.62694040015157,True
10.800391535503438,True
10.53649776145876,True
10.53649776145876,True
10.53649776145876,True
10.53649776145876,True
10.53649776145876,True
10.53649776145876,True
10.53649776145876,True
10.53649776145876,True
10.53649776145876,True
10.53649776145876,True
10.53649776145876,True
10.53649776145876,True
10.53649776145876,True
10.53649776145876,True
10.53649776145876,True
10.53649776145876,True
10.53649776145876,True
10.53649776145876,True
10.53649776145876,True
10.53649776145876,True
10.53649776145876,True
10.53649776145876,True
10.53649776145876,True
10.53649776145876,True
10.53649776145876,True
10.53649776145876,True
10.53649776145876,True
10.53649776145876,True
10.53649776145876,True
10.53649776145876,True
10.53649776145876,True
9.1951135414311,True
8.464441845294727,True
8.989681135386776,True
10.206879981058147,True
11.68651114496484,True
13.252441251300054,True
14.848434845821748,True
15.783125476963324,True
15.783125476963324,True
15.783125476963324,True
15.783125476963324,True
15.783125476963324,True
15.783125476963324,True
15.783125476963324,True
15.783125476963324,True
15.783125476963324,True
15.783125476963324,True
15.783125476963324,True
15.783125476963324,True
15.783125476963324,True
15.783125476963324,True
15.783125476963324,True
15.783125476963324,True
15.783125476963324,True
15.783125476963324,True
15.783125476963324,True
15.783125476963324,True
15.783125476963324,True
15.783125476963324,True
15.783125476963324,True
19.102742056892506,True
20.63726610086775,True
20.763661491532595,True
17.83417089513295,True
16.63742418586283,True
20.976871295951355,True
22.716304968895287,True
23.085878703534096,True
23.975830835731774,True
24.290669500521204,True
24.67852153773634,True
25.041864380063714,True
22.11574202645019,True
20.684361502018056,True
20.592692654205294,True
20.516041500892822,True
20.180311494272473,True
19.486016948184737,True
18.78268418853261,True
18.074270087810802,True
17.3647695218451,True
16.658189610896063,True
15.958529741106156,True
15.269769313974825,True
14.595865457298409,True
13.940763392992855,True
13.30842290832746,True
12.702865593016385,True
13.36846019382164,True
14.27839469241857,True
13.399610575080937,True
12.51371157881596,True
11.615498441275973,True
10.696989224204543,True
9.746285114166572,True
6.177517175733442,True
11.781030950794783,True
13.128296425770406,True
12.506315108142473,True
9.880035223110557,True
9.880035223110557,True
10.078649982198492,True
9.834209021225961,True
9.619221918353531,True
9.46627843521396,True
8.979395275408766,True
8.157645865377281,True
8.157645865377281,True
8.157645865377281,True
8.157645865377281,True
8.157645865377281,True
8.157645865377281,True
8.157645865377281,True
8.157645865377281,True
8.157645865377281,True
8.157645865377281,True
8.157645865377281,True
8.157645865377281,True
8.157645865377281,True
8.157645865377281,True
8.157645865377281,True
8.157645865377281,True
8.157645865377281,True
8.157645865377281,True
8.157645865377281,True
8.157645865377281,True
8.157645865377281,True
8.157645865377281,True
8.157645865377281,True
8.157645865377281,True
8.157645865377281,True
8.157645865377281,True
7.595505004032478,True
7.006897390859901,True
6.439240284837347,True
5.890556754091205,True
5.359490718701627,True
4.866074377724909,True
4.030892067454816,True
2.350488660002051,True
1.4808758400315611,True
1.2366767627137034,True
1.2059551460770033,True
1.2059551460770033,True
1.2059551460770033,True
1.2059551460770033,True
1.2059551460770033,True
1.2059551460770033,True
1.2059551460770033,True
1.2059551460770033,True
1.2059551460770033,True
1.2059551460770033,True
1.2059551460770033,True
1.2059551460770033,True
1.2059551460770033,True
1.2059551460770033,True
1.2059551460770033,True
1.2059551460770033,True
1.2059551460770033,True
1.2059551460770033,True
1.2059551460770033,True
1.2059551460770033,True
1.2059551460770033,True
1.3742774170057106,True
1.3742774170057106,True
2.1334745428285617,True
2.960255274743713,True
3.806214230724195,True
4.670797385598885,True
5.430696133500966,True
5.996199660927287,True
7.082530624081375,True
8.099817137276775,True
9.273600640384776,True
9.139185182605681,True
7.854589403163771,True
3.747367258057109,True
2.128957620392093,True
3.96529383560403,True
6.791615803552909,True
8.203632392705126,True
8.949700397934443,True
9.687018258744924,True
10.413858564043196,True
11.129166366539527,True
11.832426210873226,True
12.523555663055799,True
13.2028200424125,True
13.870764171170954,True
14.528157822467724,True
15.175952223879657,True
15.815245504853422,True
16.49903059060346,True
16.651402808134424,True
16.192670935860967,True
16.73179747181677,True
16.765659976519263,True
16.982493988102608,True
16.50299044596562,True
17.025771283788895,True
14.285182207531784,True
10.3196109223108,True
11.224053607493058,True
11.458640843421167,True
11.458640843421167,True
11.458640843421167,True
10.770230053339931,True
10.020947077022363,True
9.277246109739863,True
8.133053775740873,True
7.3377543622672725,True
6.950698937635309,True
6.0060748384907905,True
5.0413423189192095,True
4.726585127522813,True
4.335817779117033,True
3.5415411396669176,True
2.98671140063005,True
2.920795240669639,True
2.9240957623445505,True
2.8823170478118727,True
2.832583570298211,True
2.9851650644256087,True
3.8511632492090975,True
3.85154695039064,True
3.85154695039064,True
3.85154695039064,True
3.85154695039064,True
3.85154695039064,True
3.85154695039064,True
3.85154695039064,True
3.85154695039064,True
3.85154695039064,True
3.85154695039064,True
3.85154695039064,True
3.85154695039064,True
3.85154695039064,True
3.85154695039064,True
3.85154695039064,True
3.85154695039064,True
3.85154695039064,True
3.85154695039064,True
3.85154695039064,True
3.85154695039064,True
3.85154695039064,True
3.85154695039064,True
3.85154695039064,True
3.85154695039064,True
3.85154695039064,True
3.85154695039064,True
3.85154695039064,True
3.85154695039064,True
3.85154695039064,True
3.85154695039064,True
3.85154695039064,True
3.85154695039064,True
3.85154695039064,True
3.85154695039064,True
3.85154695039064,True
3.85154695039064,True
3.85154695039064,True
3.85154695039064,True
3.85154695039064,True
3.85154695039064,True
4.9602776769092625,True
6.186947198070959,True
7.4233923924760274,True
8.662666693286468,True
9.885041173032938,True
10.807008332287243,True
11.815059371848434,True
11.85916968363498,True
11.85916968363498,True
11.85916968363498,True
11.85916968363498,True
11.85916968363498,True
11.85916968363498,True
11.85916968363498,True
11.85916968363498,True
11.85916968363498,True
11.85916968363498,True
11.85916968363498,True
11.85916968363498,True
11.85916968363498,True
11.85916968363498,True
11.85916968363498,True
11.85916968363498,True
11.85916968363498,True
11.85916968363498,True
11.85916968363498,True
11.85916968363498,True
11.85916968363498,True
11.85916968363498,True
11.85916968363498,True
12.560922176377053,True
13.338196226757136,True
14.15137012503431,True
15.00548439274107,True
15.90644965086123,True
16.86119440314515,True
17.902934499510074,True
17.22282150830102,True
14.962643811037957,True
14.16626239243095,True
14.16626239243095,True
14.16626239243095,True
14.16626239243095,True
14.16626239243095,True
14.16626239243095,True
14.16626239243095,True
14.16626239243095,True
14.16626239243095,True
14.16626239243095,True
14.16626239243095,True
14.16626239243095,True
14.16626239243095,True
14.16626239243095,True
14.16626239243095,True
14.16626239243095,True
14.16626239243095,True
14.16626239243095,True
14.16626239243095,True
14.16626239243095,True
14.16626239243095,True
14.16626239243095,True
14.16626239243095,True
12.555673038152019,True
10.955221975098823,True
9.590549361954622,True
8.421085587196611,True
7.390258825756904,True
6.454061639886642,True
5.803636619380512,True
5.803636619380512,True
5.803636619380512,True
5.803636619380512,True
5.803636619380512,True
5.803636619380512,True
5.803636619380512,True
5.803636619380512,True
5.803636619380512,True
5.803636619380512,True
5.803636619380512,True
5.803636619380512,True
5.803636619380512,True
5.803636619380512,True
5.803636619380512,True
5.803636619380512,True
5.803636619380512,True
5.803636619380512,True
5.803636619380512,True
5.803636619380512,True
5.803636619380512,True
7.930562432704756,True
7.930562432704756,True
8.092912562514224,True
8.498080331113549,True
8.87935661279088,True
9.77299411014544,True
10.523540700134852,True
10.806939450391482,True
11.45568097956798,True
12.070611609589541,True
13.15064555177806,True
14.1247004299415,True
11.306801089685681,True
11.24528673290683,True
12.418613364979466,True
13.826297789847619,True
13.734119900979973,True
13.127866202274644,True
10.069331283261747,True
1.2186567214024144,True
1.2186567214024144,True
1.2186567214024144,True
1.8388627979287606,True
2.131265904867518,True
2.1480131098235256,True
2.0297965114141516,True
1.846585916959199,True
1.6326939380717813,True
1.6292603580519927,True
1.6292603580519927,True
1.6292603580519927,True
1.6292603580519927,True
1.6292603580519927,True
1.6292603580519927,True
1.6292603580519927,True
1.6292603580519927,True
1.6292603580519927,True
1.6292603580519927,True
1.6292603580519927,True
1.6292603580519927,True
1.6292603580519927,True
1.6292603580519927,True
1.6292603580519927,True
1.6292603580519927,True
1.6292603580519927,True
1.6292603580519927,True
1.6292603580519927,True
1.6292603580519927,True
1.6292603580519927,True
1.6292603580519927,True
1.6292603580519927,True
1.6292603580519927,True
1.6292603580519927,True
1.6292603580519927,True
1.6292603580519927,True
1.6292603580519927,True
1.6292603580519927,True
1.5514131687939487,True
1.5514131687939487,True
1.5514131687939487,True
1.5514131687939487,True
1.5514131687939487,True
1.5514131687939487,True
1.5514131687939487,True
1.5514131687939487,True
1.5514131687939487,True
1.5514131687939487,True
1.5514131687939487,True
1.5514131687939487,True
1.5514131687939487,True
1.5514131687939487,True
1.5514131687939487,True
1.5514131687939487,True
1.5514131687939487,True
1.5514131687939487,True
1.5514131687939487,True
1.5514131687939487,True
1.5514131687939487,True
1.5514131687939487,True
1.7885398294352954,True
2.037732491046203,True
4.017147942541637,True
9.083005573327023,True
11.786228997981327,True
12.874428582401519,True
13.90660676431339,True
15.543790941585197,True
13.808999418915896,True
12.98591595494789,True
12.497784644864016,True
12.94908786742206,True
13.650202038531786,True
14.017931688243353,True
9.441310107125826,True
2.4427630730742447,True
2.4188483065880875,True
2.9782631051093924,True
3.319079749827829,True
3.319079749827829,True
3.319079749827829,True
3.319079749827829,True
3.319079749827829,True
3.319079749827829,True
3.319079749827829,True
3.319079749827829,True
3.319079749827829,True
3.319079749827829,True
3.319079749827829,True
3.319079749827829,True
3.319079749827829,True
3.319079749827829,True
3.319079749827829,True
3.319079749827829,True
3.319079749827829,True
3.319079749827829,True
3.319079749827829,True
3.319079749827829,True
3.319079749827829,True
3.319079749827829,True
3.319079749827829,True
3.319079749827829,True
3.319079749827829,True
3.319079749827829,True
3.319079749827829,True
3.319079749827829,True
3.319079749827829,True
3.319079749827829,True
3.319079749827829,True
3.319079749827829,True
3.319079749827829,True
3.319079749827829,True
3.319079749827829,True
3.319079749827829,True
3.319079749827829,True
3.319079749827829,True
3.319079749827829,True
3.319079749827829,True
6.242833802835643,True
7.354033610017909,True
6.981795409836875,True
6.470521253062376,True
6.34824804539729,True
6.677315301552214,True
7.377052993194199,True
7.931696945433031,True
7.931696945433031,True
7.931696945433031,True
7.931696945433031,True
7.931696945433031,True
7.931696945433031,True
7.931696945433031,True
7.931696945433031,True
7.931696945433031,True
7.931696945433031,True
7.931696945433031,True
7.931696945433031,True
7.931696945433031,True
7.931696945433031,True
7.931696945433031,True
7.931696945433031,True
7.931696945433031,True
7.931696945433031,True
7.931696945433031,True
7.931696945433031,True
7.931696945433031,True
7.931696945433031,True
7.931696945433031,True
5.529113434309054,True
2.7323572718995304,True
2.658234985725497,True
8.511443424335777,True
6.147704119465311,True
3.081718277699716,True
2.334731932957181,True
9.519954366113543,True
7.339413148403267,True
4.006827209058451,True
0.22967908577221724,True
-0.16567030548008296,False
-0.17809716661954328,False
-0.17548241355467886,False
4.711239020742659,True
5.263759597674897,True
4.102635103895386,True
4.102635103895386,True
3.480420003484283,True
2.862909513601998,True
2.640159490257222,True
3.2722641221461424,True
3.8277878604920805,True
3.667283728109057,True
3.2232876656221556,True
2.70143489273745,True
2.267113984123067,True
2.267113984123067,True
2.267113984123067,True
2.267113984123067,True
2.267113984123067,True
2.267113984123067,True
2.267113984123067,True
2.267113984123067,True
2.267113984123067,True
2.267113984123067,True
2.267113984123067,True
2.267113984123067,True
2.267113984123067,True
2.267113984123067,True
2.267113984123067,True
2.267113984123067,True
2.267113984123067,True
2.267113984123067,True
2.267113984123067,True
2.267113984123067,True
2.267113984123067,True
2.267113984123067,True
2.4581852215862825,True
2.2355264700561177,True
1.6257976049034606,True
0.9880672481855816,True
1.2408074512760698,True
1.3569242019911767,True
1.3392338938526755,True
1.2000550086244215,True
1.4210058599799484,True
2.106168869319179,True
1.4545482178008364,True
2.0463357991802438,True
2.595654772972175,True
2.2271547941309415,True
1.6585197949159267,True
1.4235967085965415,True
1.3942773851233239,True
1.4548034681495625,True
1.6371978005220869,True
1.3976344666320129,True
2.0935010423407228,True
1.5066434914018294,True
2.4592980179648958,True
1.9540403811139575,True
2.6976802669110134,True
3.2311312959212026,True
2.8308773102831823,True
1.8357073311860648,True
1.1121586294660182,True
1.4243661498129796,True
1.2837013640467874,True
1.6314263755335068,True
1.6929515105759254,True
1.6043564771533694,True
1.5269952548945818,True
2.3716302830911387,True
1.9331078131658717,True
1.9331078131658717,True
1.9331078131658717,True
1.9331078131658717,True
1.9331078131658717,True
1.9331078131658717,True
1.9331078131658717,True
1.9331078131658717,True
1.9331078131658717,True
1.9331078131658717,True
1.9331078131658717,True
1.9331078131658717,True
1.9331078131658717,True
1.9331078131658717,True
1.9331078131658717,True
1.9331078131658717,True
1.9331078131658717,True
1.9331078131658717,True
1.9331078131658717,True
1.9331078131658717,True
1.9331078131658717,True
1.9331078131658717,True
1.9331078131658717,True
2.02155279556331,True
2.02155279556331,True
2.5498616159438723,True
3.1627011733275188,True
3.825439981561602,True
4.535308883583086,True
5.184699041122818,True
5.5718670613083985,True
5.757279230631914,True
5.966150341423493,True
6.074069485584595,True
6.088810226268255,True
6.018438553344338,True
5.943384449969193,True
5.930334059367762,True
6.203229928901921,True
6.659591451076631,True
7.775250362794649,True
10.354812261078369,True
7.429732604115876,True
2.196110510407311,True
1.30876860800797,True
1.3576538227232788,True
1.6045931526962922,True
2.0726410237421997,True
2.807921873174681,True
3.891280557073161,True
5.461077965921051,True
6.770290449815494,True
7.521973274996219,True
8.575470558686783,True
9.399503392033903,True
11.16382768500388,True
13.899658373526366,True
16.6477234897203,True
14.86624730926527,True
15.369536286672439,True
12.73842339939535,True
12.765163618209254,True
3.9197612576230916,True
3.9197612576230916,True
5.128143724017017,True
6.2049127181436505,True
6.555784414050356,True
6.2278310115563436,True
5.75995496218459,True
4.778573139748363,True
3.8426032718941965,True
3.816489932048049,True
4.985356857827789,True
6.326532597364351,True
7.569229818486603,True
8.474555566874992,True
8.18177156806917,True
7.986341253223582,True
7.871551427737698,True
6.859324772599356,True
5.719095737135556,True
5.849915048549144,True
4.0559926810013875,True
0.6164099892338277,True
0.6458326372284744,True
0.6458326372284744,True
0.6458326372284744,True
0.6458326372284744,True
0.6458326372284744,True
0.6458326372284744,True
0.6458326372284744,True
0.6458326372284744,True
0.6458326372284744,True
0.6458326372284744,True
0.6458326372284744,True
0.6458326372284744,True
0.6458326372284744,True
0.6458326372284744,True
0.6458326372284744,True
0.6458326372284744,True
0.6458326372284744,True
0.6458326372284744,True
0.6458326372284744,True
0.6458326372284744,True
0.6458326372284744,True
0.6458326372284744,True
0.6458326372284744,True
0.6458326372284744,True
0.6458326372284744,True
0.6458326372284744,True
0.6458326372284744,True
0.6458326372284744,True
0.6458326372284744,True
0.6458326372284744,True
0.6458326372284744,True
0.6458326372284744,True
0.6458326372284744,True
0.6458326372284744,True
0.6458326372284744,True
0.6458326372284744,True
0.6458326372284744,True
0.6458326372284744,True
0.6458326372284744,True
0.6458326372284744,True
0.6458326372284744,True
0.6458326372284744,True
1.2094693997943058,True
1.6786780339455691,True
2.028521972863001,True
2.294095246044094,True
2.5143552181964024,True
2.724706795363961,True
2.9489700780404733,True
3.002508917297299,True
2.9925017530771076,True
2.9925017530771076,True
2.9925017530771076,True
2.9925017530771076,True
2.9925017530771076,True
2.9925017530771076,True
2.9925017530771076,True
2.9925017530771076,True
2.9925017530771076,True
2.9925017530771076,True
2.9925017530771076,True
2.9925017530771076,True
2.9925017530771076,True
2.9925017530771076,True
2.9925017530771076,True
2.9925017530771076,True
2.9925017530771076,True
2.9925017530771076,True
2.9925017530771076,True
2.9925017530771076,True
2.9925017530771076,True
2.9925017530771076,True
2.9925017530771076,True
4.758623675477738,True
6.376759437389689,True
8.319101317943856,True
15.913858644301813,True
17.850397165537178,True
19.22653093619378,True
20.89788580366214,True
28.131898913944465,True
33.59296755162467,True
38.43797629556267,True
41.230545295123235,True
41.149094110097025,True
41.02005834847971,True
40.864391286394714,True
39.793515758830075,True
39.29634959588592,True
38.94314728858362,True
38.277528993574265,True
35.303950322049275,True
31.91115060032535,True
28.629505990818704,True
25.47206747703673,True
22.449013823400634,True
20.488357002449675,True
19.573972988859882,True
19.95072399576769,True
15.291810934162617,True
9.497075243017326,True
8.580216979538028,True
7.746632156450226,True
7.745215212219677,True
7.329174124081451,True
7.329174124081451,True
7.3171346374728214,True
7.287995463483751,True
7.195308769119474,True
6.663269879256104,True
6.15142537513416,True
6.011454361626966,True
6.011454361626966,True
6.011454361626966,True
6.011454361626966,True
6.011454361626966,True
6.011454361626966,True
6.011454361626966,True
6.011454361626966,True
6.011454361626966,True
6.011454361626966,True
6.011454361626966,True
6.011454361626966,True
6.011454361626966,True
6.011454361626966,True
6.011454361626966,True
6.011454361626966,True
6.011454361626966,True
6.011454361626966,True
6.011454361626966,True
6.011454361626966,True
6.011454361626966,True
6.011454361626966,True
6.011454361626966,True
6.011454361626966,True
6.011454361626966,True
6.011454361626966,True
6.011454361626966,True
6.011454361626966,True
6.011454361626966,True
6.011454361626966,True
6.011454361626966,True
6.011454361626966,True
6.011454361626966,True
6.011454361626966,True
6.011454361626966,True
5.401067816460982,True
4.681998196051012,True
3.9951744499981996,True
3.3776754394225166,True
2.8344805917018916,True
2.3604364600234784,True
2.239110347079819,True
2.239110347079819,True
2.239110347079819,True
2.239110347079819,True
2.239110347079819,True
2.239110347079819,True
2.239110347079819,True
2.239110347079819,True
2.239110347079819,True
2.239110347079819,True
2.239110347079819,True
2.239110347079819,True
2.239110347079819,True
2.239110347079819,True
2.239110347079819,True
2.239110347079819,True
2.239110347079819,True
2.239110347079819,True
2.239110347079819,True
2.265637976553793,True
2.265637976553793,True
2.386223101104701,True
2.590652731634481,True
2.8469985612107833,True
3.15830759737753,True
3.5281459043135626,True
3.96061654192091,True
4.460379018190637,True
5.032666493574228,True
5.683295476928247,True
6.418660541623723,True
7.2457034598139956,True
8.171841872274358,True
9.20483697938878,True
10.35257269781805,True
11.62271058549388,True
13.022176663091464,True
14.556430505634252,True
15.24221840605048,True
15.709366460481347,True
16.589980913984032,True
17.711691654471522,True
18.061414670036363,True
18.416247118486154,True
19.641158781580636,True
25.755382728731302,True
28.066867783065526,True
30.31170705745027,True
30.4941077879474,True
29.975882044482592,True
28.63681370059438,True
26.827608237415586,True
25.74787619072355,True
20.407996530335517,True
15.902440866566481,True
21.138270667356284,True
24.68528482624455,True
24.67454992497112,True
4.017548979029432,True
4.017548979029432,True
4.239592125603671,True
4.267237496775939,True
4.249486718062321,True
4.193164241472719,True
4.131924253597709,True
4.131924253597709,True
4.131924253597709,True
4.131924253597709,True
4.131924253597709,True
4.131924253597709,True
4.131924253597709,True
4.131924253597709,True
4.131924253597709,True
4.131924253597709,True
4.131924253597709,True
4.131924253597709,True
4.131924253597709,True
4.131924253597709,True
4.131924253597709,True
4.131924253597709,True
4.131924253597709,True
4.131924253597709,True
4.131924253597709,True
4.131924253597709,True
4.131924253597709,True
4.131924253597709,True
4.131924253597709,True
4.131924253597709,True
4.131924253597709,True
4.131924253597709,True
4.131924253597709,True
4.131924253597709,True
4.131924253597709,True
4.131924253597709,True
4.369975108976792,True
4.5312155353270995,True
4.6152000164720715,True
4.636219402734087,True
4.602289504318444,True
4.517440818458443,True
4.437096012627135,True
4.437096012627135,True
4.437096012627135,True
4.437096012627135,True
4.437096012627135,True
4.437096012627135,True
4.437096012627135,True
4.437096012627135,True
4.437096012627135,True
4.437096012627135,True
4.437096012627135,True
4.437096012627135,True
4.437096012627135,True
4.437096012627135,True
4.437096012627135,True
4.437096012627135,True
4.437096012627135,True
4.437096012627135,True
4.437096012627135,True
8.576363463204256,True
8.576363463204256,True
8.137474297671819,True
7.36075022699887,True
8.524670036456499,True
9.848834040156593,True
10.668356615033309,True
9.38195218555657,True
8.715157702203525,True
10.090747297292957,True
11.541064570349151,True
11.750784283711832,True
10.83677905750654,True
12.281526664951816,True
13.856422576777714,True
14.260398932341907,True
11.052619774394064,True
9.993807484912017,True
11.187497272071937,True
12.25199118284496,True
3.587226187705382,True
3.587226187705382,True
6.1395114751945155,True
7.713941761545274,True
6.053148024152807,True
4.529604840772981,True
3.293648534108601,True
2.554339441517056,True
2.346417242675253,True
2.273495180052876,True
2.186434216529184,True
1.9222391004119217,True
1.860473276693054,True
1.860473276693054,True
1.860473276693054,True
1.860473276693054,True
1.860473276693054,True
1.860473276693054,True
1.860473276693054,True
1.860473276693054,True
1.860473276693054,True
1.860473276693054,True
1.860473276693054,True
1.860473276693054,True
1.860473276693054,True
1.860473276693054,True
1.860473276693054,True
1.860473276693054,True
1.860473276693054,True
1.860473276693054,True
1.860473276693054,True
1.860473276693054,True
1.860473276693054,True
1.860473276693054,True
1.860473276693054,True
1.860473276693054,True
1.860473276693054,True
1.860473276693054,True
1.860473276693054,True
1.860473276693054,True
2.892882083373742,True
3.80740093515425,True
4.65201824484658,True
5.428555281167565,True
5.6620998303909955,True
5.567417314659404,True
5.344635872909596,True
5.344635872909596,True
5.344635872909596,True
5.344635872909596,True
5.344635872909596,True
5.344635872909596,True
5.344635872909596,True
5.344635872909596,True
5.344635872909596,True
5.344635872909596,True
5.344635872909596,True
5.344635872909596,True
5.344635872909596,True
5.344635872909596,True
5.344635872909596,True
5.344635872909596,True
5.344635872909596,True
5.344635872909596,True
5.344635872909596,True
5.344635872909596,True
5.344635872909596,True
5.622666092880224,True
6.088590240079404,True
6.312533352492743,True
6.557984227822049,True
6.201754557325996,True
5.825813702389693,True
4.977312952815084,True
4.233631941392856,True
4.499648756538562,True
7.1421868010015634,True
13.24376760095512,True
14.2153931394148,True
13.599579580745258,True
13.311167659917324,True
11.367945813999343,True
11.367945813999343,True
9.310250765102788,True
8.446579013541387,True
9.732108963748452,True
11.451388807008682,True
10.606320845152311,True
8.762906190336084,True
7.10903980062233,True
6.792920325205518,True
8.800969131287385,True
10.17959337413192,True
9.141353369616978,True
7.930125629101686,True
8.451385955324435,True
8.174168226657823,True
6.853496207464509,True
5.459180785725442,True
4.061638524218606,True
3.1066821616386395,True
3.0095093510034134,True
4.046909818236583,True
4.580863657229068,True
5.793397024542555,True
6.689583609967133,True
6.301506727938236,True
3.177143869126624,True
1.6290005408981987,True
5.534077591343216,True
8.32010286414508,True
6.982749027193968,True
4.458479142912392,True
2.125488464898899,True
5.369707921945774,True
1.036623158492024,True
1.036623158492024,True
1.036623158492024,True
1.036623158492024,True
1.036623158492024,True
1.036623158492024,True
1.036623158492024,True
1.036623158492024,True
1.036623158492024,True
1.036623158492024,True
1.036623158492024,True
1.036623158492024,True
1.036623158492024,True
1.036623158492024,True
1.036623158492024,True
1.036623158492024,True
1.036623158492024,True
1.036623158492024,True
1.036623158492024,True
1.036623158492024,True
1.036623158492024,True
1.036623158492024,True
1.036623158492024,True
1.036623158492024,True
1.036623158492024,True
1.036623158492024,True
2.497531008934458,True
4.371410395493109,True
6.246622435565057,True
8.03388312696705,True
9.75054307009846,True
11.415882293983168,True
11.378312905317545,True
11.042103850356556,True
11.042103850356556,True
11.042103850356556,True
11.042103850356556,True
11.042103850356556,True
11.042103850356556,True
11.042103850356556,True
11.042103850356556,True
11.042103850356556,True
11.042103850356556,True
11.042103850356556,True
11.042103850356556,True
11.042103850356556,True
11.042103850356556,True
11.042103850356556,True
11.042103850356556,True
11.042103850356556,True
11.042103850356556,True
11.042103850356556,True
16.346641747071686,True
16.346641747071686,True
17.97569006130555,True
19.757718391665595,True
21.590095673469865,True
23.47258997528527,True
25.404900798243716,True
25.841545518804335,True
25.647379011464807,True
25.32988716805967,True
24.88515808854931,True
24.661231755334388,True
27.564387999713986,True
31.88750005413996,True
36.32206859232192,True
35.56992397283286,True
35.19800703737132,True
38.77574713781792,True
37.71245654353314,True
33.786825312979566,True
33.41032703544934,True
33.702695056773905,True
32.44338216765876,True
32.36005968612843,True
3.028736352412419,True
3.028736352412419,True
4.269914643025308,True
4.752523033672335,True
4.389185648118113,True
3.437988236986111,True
2.0988726604918204,True
0.3477777686109691,True
0.3477777686109691,True
0.3477777686109691,True
0.3477777686109691,True
0.3477777686109691,True
0.3477777686109691,True
0.3477777686109691,True
0.3477777686109691,True
0.3477777686109691,True
0.3477777686109691,True
0.3477777686109691,True
0.3477777686109691,True
0.3477777686109691,True
0.3477777686109691,True
0.3477777686109691,True
0.3477777686109691,True
0.3477777686109691,True
0.3477777686109691,True
0.3477777686109691,True
2.798715864948876,True
4.030089712741763,True
4.057697022005803,True
3.440549051497349,True
2.7030655954075185,True
1.9848770490768115,True
1.3356155051242915,True
0.7930811315058384,True
0.7922075400964123,True
0.7922075400964123,True
0.7922075400964123,True
0.7922075400964123,True
0.7922075400964123,True
0.7922075400964123,True
0.7922075400964123,True
0.7922075400964123,True
0.7922075400964123,True
0.7922075400964123,True
0.7922075400964123,True
0.7922075400964123,True
0.7922075400964123,True
0.7922075400964123,True
0.7922075400964123,True
0.7922075400964123,True
0.7922075400964123,True
0.7922075400964123,True
0.7922075400964123,True
3.639099569450263,True
3.639099569450263,True
5.379957392649428,True
7.266417584879368,True
9.265890145980073,True
11.370143150467593,True
13.260027043921108,True
14.15933892643708,True
15.350126499672372,True
15.944345748678503,True
18.14927280905716,True
20.460540293337814,True
21.456789911221964,True
25.793843611521464,True
31.72341927613012,True
34.61762510482118,True
38.07437492706113,True
38.57843232155555,True
38.36761418052835,True
38.36761418052835,True
37.11914360582197,True
35.13626348179233,True
33.15369172214051,True
31.15908532546953,True
29.13855774106273,True
27.07721728838052,True
25.388422473165434,True
25.388422473165434,True
25.388422473165434,True
25.388422473165434,True
25.388422473165434,True
25.388422473165434,True
25.388422473165434,True
25.388422473165434,True
25.388422473165434,True
25.388422473165434,True
25.388422473165434,True
25.388422473165434,True
25.388422473165434,True
25.388422473165434,True
25.388422473165434,True
25.388422473165434,True
25.388422473165434,True
25.388422473165434,True
25.388422473165434,True
25.388422473165434,True
25.388422473165434,True
25.388422473165434,True
23.395795672137634,True
21.15276361713049,True
18.813381604417017,True
16.22569777195988,True
13.608392566975118,True
10.979817573034177,True
8.711933761288266,True
8.711933761288266,True
8.711933761288266,True
8.711933761288266,True
8.711933761288266,True
8.711933761288266,True
8.711933761288266,True
8.711933761288266,True
8.711933761288266,True
8.711933761288266,True
8.711933761288266,True
8.711933761288266,True
8.711933761288266,True
8.711933761288266,True
8.711933761288266,True
8.711933761288266,True
8.711933761288266,True
8.711933761288266,True
8.711933761288266,True
10.22323966278869,True
10.22323966278869,True
9.851585206529496,True
10.634919158988962,True
12.726075735424542,True
13.73375492363928,True
14.519438926934034,True
15.128574768221016,True
15.605537258822878,True
16.748759878266466,True
16.27780070706246,True
14.62398453588059,True
8.483208405043408,True
6.701481598739218,True
4.438389532220124,True
2.013494038332842,True
3.201831292914544,True
7.506222862863763,True
14.352664560160164,True
17.52487229902985,True
18.068830232428358,True
19.18895881806398,True
18.41410171852441,True
14.68585244739742,True
10.662701817421913,True
9.500324093139302,True
11.725461602871354,True
8.414402089609679,True
6.911307817581494,True
4.544353318698055,True
4.05358098604637,True
0.9883089994816459,True
0.9883089994816459,True
2.1314642730634774,True
3.5482704800135867,True
5.213899356209074,True
6.466843867625114,True
5.136957545651119,True
4.826769806942281,True
5.442741486288561,True
4.783911760803874,True
4.982697788945947,True
5.932581703777823,True
3.132692746583034,True
0.40782393106040615,True
0.40309119213375433,True
0.40309119213375433,True
0.40309119213375433,True
0.40309119213375433,True
0.40309119213375433,True
0.40309119213375433,True
0.40309119213375433,True
0.40309119213375433,True
0.40309119213375433,True
0.40309119213375433,True
0.40309119213375433,True
0.40309119213375433,True
0.40309119213375433,True
0.40309119213375433,True
0.40309119213375433,True
0.40309119213375433,True
0.40309119213375433,True
0.40309119213375433,True
0.40309119213375433,True
0.40309119213375433,True
0.40309119213375433,True
0.40309119213375433,True
0.40309119213375433,True
0.40309119213375433,True
0.40309119213375433,True
0.40309119213375433,True
0.40309119213375433,True
3.981812149498783,True
6.013154001964738,True
5.055144561866932,True
5.589142567718327,True
5.52314881126734,True
4.750443893914223,True
1.8318210651952644,True
1.6899850364360878,True
3.194362713036469,True
2.362537119135847,True
2.3591919583099825,True
2.8451097096129923,True
3.3174821659085585,True
3.584998796995036,True
3.691350106090436,True
3.6473140705969,True
3.6470667880573,True
3.6470667880573,True
3.6470667880573,True
3.6470667880573,True
3.6470667880573,True
3.6470667880573,True
3.6470667880573,True
3.6470667880573,True
3.6470667880573,True
3.6470667880573,True
3.6470667880573,True
3.6470667880573,True
3.6470667880573,True
3.6470667880573,True
3.6470667880573,True
3.6470667880573,True
3.6470667880573,True
3.6470667880573,True
3.6470667880573,True
3.6470667880573,True
3.6470667880573,True
3.6470667880573,True
3.1896392894011636,True
2.923441444300899,True
4.004022792427753,True
6.181752646733738,True
6.636579819982787,True
6.625677680412838,True
6.164404359668354,True
8.563161302013313,True
7.391310992000106,True
7.590885952678385,True
11.002707067995244,True
8.688753738984264,True
5.8693940218183975,True
5.633542525473394,True
10.180698296687506,True
7.519747876520431,True
4.346800297314661,True
3.4853803980908706,True
13.863722390181138,True
16.59616910126361,True
12.185238544218915,True
11.793311991646089,True
13.873839633258058,True
16.020451736364045,True
17.923232752386753,True
19.76601898655322,True
22.325525704824717,True
25.115227411956322,True
25.983249425710262,True
24.011935590548624,True
21.934458331478925,True
22.209948876003242,True
19.639465906658714,True
12.663499729887272,True
11.395880591837749,True
11.444071335893085,True
11.465073808628384,True
11.465768112746437,True
11.465768112746437,True
11.465768112746437,True
11.477228977557278,True
11.428922067021313,True
11.322807214523232,True
11.163080719377792,True
10.364588597848565,True
9.54297529993702,True
8.827253885869997,True
8.94346748240291,True
10.360622324969142,True
7.950804899369173,True
6.45722272396292,True
6.08304121184339,True
5.607846664481645,True
5.063006344486306,True
4.435758152169177,True
3.9155268520326385,True
3.2331397239594875,True
2.829750828544099,True
2.2819965383403256,True
2.2491427216512987,True
1.8328415802043612,True
1.6983868829109652,True
1.6983868829109652,True
1.6983868829109652,True
1.6983868829109652,True
1.6983868829109652,True
1.6983868829109652,True
1.6983868829109652,True
1.6983868829109652,True
1.6983868829109652,True
1.6983868829109652,True
1.6983868829109652,True
1.6983868829109652,True
1.6983868829109652,True
1.6983868829109652,True
1.6983868829109652,True
1.6983868829109652,True
1.6983868829109652,True
1.6983868829109652,True
1.6983868829109652,True
1.6983868829109652,True
1.6983868829109652,True
1.6983868829109652,True
1.6983868829109652,True
1.6983868829109652,True
1.6983868829109652,True
1.6983868829109652,True
1.6983868829109652,True
1.6983868829109652,True
1.6983868829109652,True
1.6983868829109652,True
1.6983868829109652,True
1.6983868829109652,True
1.6983868829109652,True
1.6983868829109652,True
1.6983868829109652,True
2.9903242418130884,True
4.514863192164902,True
5.8798002331413635,True
7.082669831924356,True
7.558957971097556,True
8.31876692029399,True
9.464713158527296,True
10.432785272309134,True
10.432785272309134,True
10.432785272309134,True
10.432785272309134,True
10.432785272309134,True
10.432785272309134,True
10.432785272309134,True
10.432785272309134,True
10.432785272309134,True
10.432785272309134,True
10.432785272309134,True
10.432785272309134,True
10.432785272309134,True
10.432785272309134,True
10.432785272309134,True
10.432785272309134,True
10.432785272309134,True
10.432785272309134,True
10.432785272309134,True
15.362064226675853,True
15.362064226675853,True
13.6507207682705,True
12.204515116915058,True
11.200545982762177,True
8.964043290830618,True
6.087880024556516,True
9.893764691041746,True
9.01346678055379,True
8.276823715039239,True
7.811049573825824,True
7.685025718874856,True
7.834926570899844,True
8.097751910156257,True
8.30661543384772,True
8.007077893440242,True
7.670316210308182,True
7.2969223583039655,True
6.888027921573567,True
6.445317112007048,True
5.971030156099361,True
5.705122156127942,True
5.461739285491502,True
7.72884554674262,True
16.81014476091663,True
16.766391856086557,True
16.491917246367073,True
17.169488139243335,True
11.192390484123958,True
10.294011505861624,True
9.980997576339275,True
9.518230083915743,True
9.189377513430275,True
9.189377513430275,True
9.189377513430275,True
10.536862855280944,True
11.92175138926406,True
10.154997032466824,True
8.502806252156393,True
6.958844838548299,True
5.555798871511849,True
4.608783002693416,True
4.306109345749826,True
3.533618427512708,True
2.387320784159766,True
1.6017505258218994,True
1.2964821167896634,True
2.839807579845045,True
2.9246172099186305,True
6.324392964097111,True
8.124484975526359,True
6.836294702286776,True
5.354714210095998,True
4.023573494517082,True
3.005117718682754,True
2.5961961481239952,True
2.490090005604741,True
2.152868159323121,True
1.780871123947908,True
1.5612220615781172,True
1.3577936448014132,True
1.1960559217798281,True
1.4394685020778315,True
2.133440512741293,True
2.784671802860936,True
3.070485781203796,True
3.1674549534926655,True
3.4883475989714188,True
3.807950648515603,True
3.93890257452972,True
3.9285770349582725,True
3.8274082105412117,True
4.064129155283161,True
3.6209923849926806,True
2.6650782682149328,True
2.4221591368691744,True
2.1124479904720403,True
2.1124479904720403,True
2.1124479904720403,True
2.1124479904720403,True
2.1124479904720403,True
2.1124479904720403,True
2.1124479904720403,True
2.1124479904720403,True
2.1124479904720403,True
2.1124479904720403,True
2.1124479904720403,True
2.1124479904720403,True
2.1124479904720403,True
2.1124479904720403,True
2.1124479904720403,True
2.1124479904720403,True
2.1124479904720403,True
2.1124479904720403,True
2.1124479904720403,True
2.1124479904720403,True
2.1124479904720403,True
2.1124479904720403,True
2.1124479904720403,True
2.1124479904720403,True
2.1124479904720403,True
2.1124479904720403,True
2.1124479904720403,True
2.1124479904720403,True
2.1124479904720403,True
2.1124479904720403,True
2.1124479904720403,True
3.641337753354722,True
5.619476943423121,True
7.707942639957214,True
9.169758072850346,True
8.484334678801519,True
7.4787665818558375,True
6.548434415131815,True
6.090494358731733,True
6.090494358731733,True
6.090494358731733,True
6.090494358731733,True
6.090494358731733,True
6.090494358731733,True
6.090494358731733,True
6.090494358731733,True
6.090494358731733,True
6.090494358731733,True
6.090494358731733,True
6.090494358731733,True
6.090494358731733,True
6.090494358731733,True
6.090494358731733,True
6.090494358731733,True
6.090494358731733,True
6.090494358731733,True
6.090494358731733,True
6.090494358731733,True
6.090494358731733,True
10.013070608668652,True
14.386773420091227,True
18.864782381567093,True
19.948780036182587,True
19.759066692224824,True
15.951480827637463,True
15.059793004376752,True
14.916889929266866,True
14.721505861241575,True
17.84595240661053,True
18.67171732944223,True
18.12086907478348,True
17.49858796326825,True
19.888526663719322,True
26.82766770874628,True
32.12685366102694,True
33.69108256175165,True
35.18222350528743,True
19.14150930999842,True
16.469198060741213,True
15.892331345882551,True
15.412894924495316,True
1.3020991021377935,True
1.3020991021377935,True
2.9112707583746973,True
4.202808152794232,True
5.216208512649263,True
5.7502424713158184,True
5.548839996750693,True
4.643931800888332,True
3.1618678788085606,True
0.590147034384981,True
0.5458011426074123,True
0.5458011426074123,True
0.5458011426074123,True
0.5458011426074123,True
0.5458011426074123,True
0.5458011426074123,True
0.5458011426074123,True
0.5458011426074123,True
0.5458011426074123,True
0.5458011426074123,True
0.5458011426074123,True
0.5458011426074123,True
0.5458011426074123,True
0.5458011426074123,True
0.5458011426074123,True
0.5458011426074123,True
0.5458011426074123,True
0.5458011426074123,True
0.5458011426074123,True
3.731729235706938,True
5.650555821724553,True
6.398289420351026,True
6.003168415452802,True
5.374411448455195,True
4.7044582390329275,True
4.059630058278489,True
3.5931185205203406,True
3.5931185205203406,True
3.5931185205203406,True
3.5931185205203406,True
3.5931185205203406,True
3.5931185205203406,True
3.5931185205203406,True
3.5931185205203406,True
3.5931185205203406,True
3.5931185205203406,True
3.5931185205203406,True
3.5931185205203406,True
3.5931185205203406,True
3.5931185205203406,True
3.5931185205203406,True
3.5931185205203406,True
3.5931185205203406,True
3.5931185205203406,True
3.5931185205203406,True
