3.9448469594806044,True
18.02320115759298,True
17.726359194243322,True
17.10279614986133,True
15.730527497610343,True
14.37168386324426,True
14.1428198142644,True
12.730342628274892,True
10.600277550622506,True
7.049158429284941,True
5.939917962920245,True
4.035294951083256,True
2.1059792980137417,True
1.3778056577794562,True
1.3778056577794564,True
1.3778056577794564,True
1.2622863080618312,True
1.133005867247235,True
1.3189307571359332,True
1.607850479264294,True
1.7067830550781287,True
1.8255233137335025,True
1.9431977687083737,True
1.8512151347241215,True
1.6968230763692298,True
1.2751403294110002,True
1.251506946119852,True
1.417780927613426,True
1.507911064654088,True
1.5117078608951955,True
1.5117078608951955,True
1.5117078608951955,True
1.5117078608951955,True
1.5117078608951955,True
1.5117078608951955,True
1.5117078608951955,True
1.5117078608951955,True
1.5117078608951955,True
1.5117078608951955,True
1.5117078608951955,True
1.5117078608951955,True
1.5117078608951955,True
1.5117078608951955,True
1.5117078608951955,True
1.5117078608951955,True
1.5117078608951955,True
1.5117078608951955,True
1.5117078608951955,True
1.5117078608951955,True
1.5117078608951955,True
1.5117078608951955,True
1.5117078608951955,True
1.4871161551013423,True
1.4871161551013423,True
1.4871161551013423,True
1.4871161551013423,True
1.4871161551013423,True
1.4871161551013423,True
1.4871161551013423,True
1.4871161551013423,True
1.4871161551013423,True
1.4871161551013423,True
1.4871161551013423,True
1.4871161551013423,True
1.4871161551013423,True
1.4871161551013423,True
1.4871161551013423,True
1.4871161551013423,True
1.4871161551013423,True
1.4871161551013423,True
1.4871161551013423,True
1.4871161551013423,True
3.654210279312856,True
3.654210279312856,True
5.696872014194453,True
7.6292824204586065,True
8.426477534904588,True
9.272307487442587,True
10.115257478201535,True
10.952923721546682,True
11.429450245552477,True
11.713329652557295,True
12.02492895897619,True
12.229530024167667,True
12.309162595602608,True
12.39697431314426,True
12.493238903968683,True
12.598270155723394,True
12.712426349270414,True
12.836114766561685,True
12.969796321817698,True
13.113990376081478,True
13.207303992850632,True
12.925857951089904,True
12.688686001212984,True
12.490360873884915,True
12.326331563076593,True
12.192747122051045,True
12.086320172936286,True
12.004220298313461,True
11.561415633629286,True
10.955396384855364,True
9.723875617484307,True
7.592678636596775,True
5.280855585487789,True
4.628782270580285,True
3.3832008443257457,True
3.578267827229375,True
3.3388925099903766,True
1.5288557229600728,True
1.3956263549838672,True
1.2754851558459315,True
1.2378949949187745,True
1.2378949949187743,True
1.1465206214028592,True
1.1465206214028592,True
1.1465206214028592,True
1.1465206214028592,True
1.1465206214028592,True
1.1465206214028592,True
1.1465206214028592,True
1.1465206214028592,True
1.1465206214028592,True
1.1465206214028592,True
1.1465206214028592,True
1.1465206214028592,True
1.1465206214028592,True
1.1465206214028592,True
1.1465206214028592,True
1.1465206214028592,True
1.1465206214028592,True
1.1465206214028592,True
1.1465206214028592,True
1.1465206214028592,True
1.1465206214028592,True
1.1465206214028592,True
1.1465206214028592,True
1.1465206214028592,True
1.1465206214028592,True
1.205402250174152,True
1.2696033801464122,True
1.3312003258645242,True
1.3744831873127892,True
1.3394533009083658,True
1.2523105270049992,True
1.2438952971009785,True
1.2443796665259372,True
1.174235656439384,True
1.1458422014526386,True
1.1854801882999235,True
1.239464287282593,True
1.2788481279591992,True
1.2511715892709694,True
1.193846642895687,True
1.1386284720441346,True
1.1192383152431866,True
1.1192383152431866,True
1.1192383152431866,True
1.1192383152431866,True
1.1192383152431866,True
1.1192383152431866,True
1.1192383152431866,True
1.1192383152431866,True
1.1192383152431866,True
1.1192383152431866,True
1.1192383152431866,True
1.1192383152431866,True
1.1192383152431866,True
1.1192383152431866,True
1.1192383152431866,True
1.1192383152431866,True
1.1192383152431866,True
1.1192383152431866,True
1.1192383152431866,True
1.1192383152431866,True
1.1192383152431866,True
1.1192383152431866,True
1.6611859550601498,True
1.6611859550601498,True
2.188150233481185,True
3.412883999567039,True
4.593915466959067,True
5.6679401084466425,True
6.005365713453849,True
6.057746112725472,True
6.257564500090887,True
6.659807733729575,True
7.020545003939038,True
7.34548702941199,True
7.639122759423268,True
7.90501280717996,True
7.976383173452568,True
7.930085519913072,True
7.839096116504255,True
6.605732727869513,True
5.077408343125088,True
3.451325980707133,True
2.586546352099142,True
2.6312422052347713,True
2.723600343970577,True
3.4332538078296535,True
12.317066752408751,True
11.539355315390573,True
9.799668346954844,True
7.018808330892213,True
6.272579686143017,True
2.312339933532643,True
2.312339933532643,True
2.3204656997058937,True
2.297853687819151,True
2.1138066716522133,True
1.6313334706872888,True
3.778358471031776,True
5.977805481998983,True
5.753735336464476,True
5.384751933930178,True
5.323328987511201,True
5.35344247046267,True
5.255873034521759,True
5.059578290807031,True
5.059578290807031,True
5.059578290807031,True
5.059578290807031,True
5.059578290807031,True
5.059578290807031,True
5.059578290807031,True
5.059578290807031,True
5.059578290807031,True
5.059578290807031,True
5.059578290807031,True
5.059578290807031,True
5.059578290807031,True
5.059578290807031,True
5.059578290807031,True
5.059578290807031,True
5.059578290807031,True
5.059578290807031,True
5.059578290807031,True
5.059578290807031,True
5.059578290807031,True
5.059578290807031,True
5.059578290807031,True
5.059578290807031,True
5.059578290807031,True
5.059578290807031,True
5.059578290807031,True
5.059578290807031,True
5.059578290807031,True
5.059578290807031,True
5.059578290807031,True
5.059578290807031,True
5.059578290807031,True
5.165590923403762,True
5.431062488794479,True
5.82801587322626,True
6.016081410884403,True
6.00338922790531,True
6.00338922790531,True
6.00338922790531,True
6.00338922790531,True
6.00338922790531,True
6.00338922790531,True
6.00338922790531,True
6.00338922790531,True
6.00338922790531,True
6.00338922790531,True
6.00338922790531,True
6.00338922790531,True
6.00338922790531,True
6.00338922790531,True
6.00338922790531,True
6.00338922790531,True
6.00338922790531,True
6.00338922790531,True
6.00338922790531,True
6.00338922790531,True
6.00338922790531,True
6.00338922790531,True
6.00338922790531,True
6.00338922790531,True
10.87053926129547,True
12.653395888016917,True
14.017703736813141,True
15.213786592209976,True
16.26017477935556,True
16.508642131421023,True
16.711421266810596,True
16.28992931129456,True
16.462601212403836,True
16.65315328198049,True
16.631365739238376,True
15.095855871629421,True
14.11281179241583,True
12.98126679244668,True
12.703109991884123,True
4.3154636219317695,True
4.3154636219317695,True
3.929593916969915,True
3.5203609282379222,True
3.1304430924013467,True
2.831519967004407,True
2.9191785887628594,True
3.2874625661112447,True
3.2577330460623224,True
3.1212585477504917,True
3.460426772085439,True
3.7425244632931864,True
3.5176522669860986,True
3.3021934590979147,True
3.3106102227116625,True
3.3839285461814597,True
3.473313012135213,True
3.561873219160829,True
3.611819683885556,True
3.423739947506697,True
3.2729832193999586,True
3.123253766995758,True
3.4726643093405496,True
3.010061339592434,True
2.663998522824777,True
2.652437067681035,True
2.652437067681035,True
2.652437067681035,True
2.652437067681035,True
2.652437067681035,True
2.652437067681035,True
2.652437067681035,True
2.652437067681035,True
2.652437067681035,True
2.652437067681035,True
2.652437067681035,True
2.652437067681035,True
2.652437067681035,True
2.652437067681035,True
2.652437067681035,True
2.652437067681035,True
2.652437067681035,True
2.652437067681035,True
2.652437067681035,True
2.652437067681035,True
2.652437067681035,True
2.652437067681035,True
2.652437067681035,True
2.652437067681035,True
2.652437067681035,True
2.652437067681035,True
2.652437067681035,True
2.652437067681035,True
2.652437067681035,True
2.652437067681035,True
2.5754682964917794,True
2.5754682964917794,True
2.5754682964917794,True
2.5754682964917794,True
2.5754682964917794,True
2.5754682964917794,True
2.5754682964917794,True
2.5754682964917794,True
2.5754682964917794,True
2.5754682964917794,True
2.5754682964917794,True
2.5754682964917794,True
2.5754682964917794,True
2.5754682964917794,True
2.5754682964917794,True
2.5754682964917794,True
2.5754682964917794,True
2.5754682964917794,True
2.5754682964917794,True
2.5754682964917794,True
9.525804198805515,True
9.525804198805515,True
9.911379385230573,True
10.943834579228241,True
12.02445811222599,True
12.37005674637054,True
12.75331628271785,True
13.152236115609362,True
13.57368365777015,True
13.962598023672275,True
14.31382383447884,True
14.622306821107392,True
14.855920110235816,True
15.50589395786991,True
15.8301423368952,True
8.683194065419642,True
5.02467835070031,True
4.967623853688147,True
4.945430528685884,True
4.4755683229925,True
4.4755683229925,True
4.547173494406212,True
4.6366744375252225,True
4.435535664025025,True
3.9526886398431778,True
3.504376567309522,True
3.0862123592252653,True
2.6944041432518215,True
2.656546275751093,True
2.656546275751093,True
2.656546275751093,True
2.656546275751093,True
2.656546275751093,True
2.656546275751093,True
2.656546275751093,True
2.656546275751093,True
2.656546275751093,True
2.656546275751093,True
2.656546275751093,True
2.656546275751093,True
2.656546275751093,True
2.656546275751093,True
2.656546275751093,True
2.656546275751093,True
2.656546275751093,True
2.656546275751093,True
2.656546275751093,True
2.656546275751093,True
2.656546275751093,True
2.656546275751093,True
2.656546275751093,True
2.656546275751093,True
2.656546275751093,True
2.656546275751093,True
2.656546275751093,True
2.656546275751093,True
2.656546275751093,True
2.656546275751093,True
2.656546275751093,True
2.656546275751093,True
2.656546275751093,True
2.656546275751093,True
1.9392338852031656,True
1.9392338852031656,True
1.9392338852031656,True
1.9392338852031656,True
1.9392338852031656,True
1.9392338852031656,True
1.9392338852031656,True
1.9392338852031656,True
1.9392338852031656,True
1.9392338852031656,True
1.9392338852031656,True
1.9392338852031656,True
1.9392338852031656,True
1.9392338852031656,True
1.9392338852031656,True
1.9392338852031656,True
1.9392338852031656,True
1.9392338852031656,True
1.9392338852031656,True
1.9392338852031656,True
1.9392338852031656,True
1.9392338852031656,True
2.166211093065883,True
2.435070402534849,True
2.7547725355899484,True
3.207281756608353,True
3.651168607643271,True
4.089922185975237,True
4.523236138480706,True
4.587383192250553,True
4.344705573028489,True
3.57288372051963,True
2.5778196053126314,True
1.4687434913468524,True
5.081461657075197,True
6.448556008714715,True
5.712889229290493,True
4.894536560532728,True
3.9829334385539203,True
2.9665494496573412,True
3.1294405841537314,True
11.862718279056883,True
16.395961162896526,True
17.409352579619608,True
17.34194929127744,True
14.368056405955011,True
9.483976050351073,True
8.142791763287727,True
7.731278532702777,True
7.193575855043446,True
7.0295139471372154,True
7.011895333108375,True
7.011895333108375,True
7.011895333108375,True
7.011895333108375,True
7.011895333108375,True
7.011895333108375,True
7.011895333108375,True
7.011895333108375,True
7.011895333108375,True
7.011895333108375,True
7.011895333108375,True
7.011895333108375,True
7.011895333108375,True
7.011895333108375,True
7.011895333108375,True
7.011895333108375,True
7.011895333108375,True
7.011895333108375,True
7.011895333108375,True
7.011895333108375,True
7.011895333108375,True
7.011895333108375,True
7.011895333108375,True
7.011895333108375,True
7.011895333108375,True
7.011895333108375,True
7.011895333108375,True
7.011895333108375,True
7.011895333108375,True
7.011895333108375,True
7.011895333108375,True
7.011895333108375,True
7.011895333108375,True
7.011895333108375,True
7.011895333108375,True
7.011895333108375,True
7.011895333108375,True
7.011895333108375,True
7.011895333108375,True
7.011895333108375,True
7.011895333108375,True
7.011895333108375,True
7.011895333108375,True
7.011895333108375,True
7.011895333108375,True
7.011895333108375,True
7.011895333108375,True
7.011895333108375,True
7.011895333108375,True
7.011895333108375,True
7.011895333108375,True
7.011895333108375,True
7.011895333108375,True
7.011895333108375,True
7.011895333108375,True
7.011895333108375,True
7.011895333108375,True
7.011895333108375,True
7.0295139471372154,True
7.0295139471372154,True
7.886425378513457,True
8.664300876947951,True
9.377472687808549,True
9.799450491747804,True
9.990000187388626,True
10.14162644978156,True
10.262712809824578,True
10.3597703117931,True
10.437937290687296,True
10.50132447555841,True
10.553258515785442,True
10.596457269378606,True
10.365204722299408,True
9.972544470649716,True
10.24564064091002,True
12.464430463623202,True
12.992832733453325,True
13.49046524959294,True
13.380368164021643,True
13.020027911073848,True
12.64730845731822,True
12.269918765185796,True
11.887659138701315,True
11.770863856575797,True
12.07982288296795,True
13.971307897009169,True
14.29231748859965,True
11.643365631289168,True
10.638727763908578,True
10.55137899865899,True
9.929528133678307,True
9.365047918735572,True
9.247990357836393,True
4.8664336201107075,True
4.8664336201107075,True
4.77304149073375,True
4.666765263444398,True
4.572695560066862,True
4.52701209392851,True
4.60806881912906,True
4.44074262969945,True
4.245896657614317,True
4.053002249004389,True
3.8588377123293562,True
3.657563451396843,True
3.5743158182946857,True
3.5743158182946857,True
3.5743158182946857,True
3.5743158182946857,True
3.5743158182946857,True
3.5743158182946857,True
3.5743158182946857,True
3.5743158182946857,True
3.5743158182946857,True
3.5743158182946857,True
3.5743158182946857,True
3.5743158182946857,True
3.5743158182946857,True
3.5743158182946857,True
3.5743158182946857,True
3.5743158182946857,True
3.5743158182946857,True
3.5743158182946857,True
3.5743158182946857,True
3.5743158182946857,True
3.5743158182946857,True
3.5743158182946857,True
3.5743158182946857,True
3.5743158182946857,True
3.5743158182946857,True
3.5743158182946857,True
3.5743158182946857,True
3.5743158182946857,True
2.8566029541920175,True
2.8566029541920175,True
2.8566029541920175,True
2.8566029541920175,True
2.8566029541920175,True
2.8566029541920175,True
2.8566029541920175,True
2.8566029541920175,True
2.8566029541920175,True
2.8566029541920175,True
2.8566029541920175,True
2.8566029541920175,True
2.8566029541920175,True
2.8566029541920175,True
2.8566029541920175,True
2.8566029541920175,True
2.8566029541920175,True
2.8566029541920175,True
2.8566029541920175,True
2.8566029541920175,True
3.5842783278170383,True
3.5842783278170383,True
4.034926218822804,True
4.538982316797629,True
5.0673145667454715,True
5.6185954233231366,True
6.19136013716983,True
6.7840060393583155,True
7.457306069435935,True
8.18916756260664,True
8.946391112657755,True
9.779449182844507,True
10.42567843916445,True
10.596950136073888,True
10.787557294844206,True
11.00308707783659,True
11.125734343991397,True
11.205237734749442,True
11.234686086199432,True
10.86388633898754,True
10.242340111713755,True
9.608626662355194,True
8.964788429356695,True
11.057276548450105,True
12.033944895107924,True
3.348124187800928,True
3.348124187800928,True
3.348124187800928,True
3.348124187800928,True
3.348124187800928,True
3.348124187800928,True
3.348124187800928,True
3.348124187800928,True
3.348124187800928,True
3.348124187800928,True
3.348124187800928,True
3.348124187800928,True
3.348124187800928,True
3.348124187800928,True
3.348124187800928,True
3.348124187800928,True
3.348124187800928,True
3.348124187800928,True
3.348124187800928,True
3.348124187800928,True
3.348124187800928,True
3.348124187800928,True
3.348124187800928,True
3.348124187800928,True
3.485283618217885,True
3.874077899202981,True
4.4239020548552315,True
4.7561269004913465,True
4.911907147878974,True
5.049139289875658,True
4.97049826481579,True
4.316990239769828,True
3.658415581492186,True
3.565712437477362,True
3.565712437477362,True
3.565712437477362,True
3.565712437477362,True
3.565712437477362,True
3.565712437477362,True
3.565712437477362,True
3.565712437477362,True
3.565712437477362,True
3.565712437477362,True
3.565712437477362,True
3.565712437477362,True
3.565712437477362,True
3.565712437477362,True
3.565712437477362,True
3.565712437477362,True
3.565712437477362,True
3.565712437477362,True
3.565712437477362,True
3.5681040987597905,True
3.5681040987597905,True
3.7331885997984458,True
3.9089450204447087,True
4.084816955064092,True
4.260764812810432,True
4.436749755597531,True
4.612351363169887,True
4.786706455986526,True
4.960746409788734,True
5.134406745824523,True
5.307621511067754,True
5.480323343302871,True
5.652443548033102,True
5.8237777325115365,True
5.994358131146043,True
6.164133886915387,True
6.333032146492285,True
6.500979088063754,True
6.5844020710861555,True
6.047179760054333,True
5.562212445494526,True
5.11592284777299,True
4.698224530444203,True
4.23691576456896,True
3.7591016127840833,True
3.2799291168578133,True
2.7994551301995036,True
2.3178318366605764,True
1.8353048703228847,True
1.4621299178757063,True
3.8558196485359666,True
9.082004104803481,True
9.587008333364574,True
10.085633616170684,True
10.454055783192901,True
10.572297625932631,True
10.734525831146671,True
10.89299722176039,True
11.047648531483489,True
11.198422965940926,True
11.345127372913103,True
11.487749101336874,True
11.626375032393689,True
11.760975434779587,True
11.891527275865453,True
12.018014175938418,True
12.140426338605113,True
12.258760459317898,True
12.37301961406735,True
12.281525227920998,True
12.103045911496439,True
11.612420192570102,True
9.603643079473809,True
7.51138960618588,True
5.764979712571832,True
2.7765802537403403,True
2.5972501624690603,True
2.5972501624690603,True
2.5972501624690603,True
3.1003474283969643,True
3.7789169270449454,True
4.5362734620093335,True
5.2337487728487355,True
5.737883711851782,True
6.039973949683,True
6.232161895363471,True
5.530090942568545,True
4.118377859806362,True
3.507958931228344,True
3.507958931228344,True
3.507958931228344,True
3.507958931228344,True
3.507958931228344,True
3.507958931228344,True
3.507958931228344,True
3.507958931228344,True
3.507958931228344,True
3.507958931228344,True
3.507958931228344,True
3.507958931228344,True
3.507958931228344,True
3.507958931228344,True
3.507958931228344,True
3.507958931228344,True
3.507958931228344,True
3.507958931228344,True
3.507958931228344,True
3.507958931228344,True
3.507958931228344,True
3.507958931228344,True
3.507958931228344,True
3.507958931228344,True
3.507958931228344,True
3.507958931228344,True
3.507958931228344,True
3.507958931228344,True
3.507958931228344,True
3.507958931228344,True
3.507958931228344,True
3.507958931228344,True
3.507958931228344,True
4.348472046720652,True
5.1190130984014965,True
4.507425524886616,True
4.104910410449816,True
3.9910342952732467,True
4.17388296810139,True
4.614734242859521,True
5.2674807435785,True
5.847038510101236,True
5.847038510101236,True
5.847038510101236,True
5.847038510101236,True
5.847038510101236,True
5.847038510101236,True
5.847038510101236,True
5.847038510101236,True
5.847038510101236,True
5.847038510101236,True
5.847038510101236,True
5.847038510101236,True
5.847038510101236,True
5.847038510101236,True
5.847038510101236,True
5.847038510101236,True
5.847038510101236,True
5.847038510101236,True
5.847038510101236,True
5.847038510101236,True
5.847038510101236,True
5.847038510101236,True
5.847038510101236,True
5.847038510101236,True
7.401314470810417,True
8.305909074441617,True
8.435309766870315,True
8.09743896587307,True
8.176850312691757,True
9.08402483872455,True
9.312980996322054,True
9.584651043453437,True
9.904276487815592,True
10.278062717298265,True
10.71339500357999,True
11.219108300750106,True
11.805824732962467,True
12.486375084468154,True
12.19722591216498,True
11.12228528846007,True
9.962949274806357,True
7.255282949251376,True
4.587489733475681,True
5.71529134884172,True
10.246489583801678,True
8.98847705035815,True
8.707186588393323,True
8.541231860328297,True
8.383506128234105,True
8.236250307381798,True
7.729720928402527,True
7.599394498990697,True
8.593346968966438,True
7.728529909151991,True
7.505136666026637,True
7.31644973606244,True
7.29989820111041,True
7.29989820111041,True
7.29989820111041,True
7.2392496761341025,True
7.122857832303053,True
6.99571746509015,True
6.813175407599761,True
6.092835222956225,True
5.397279276726831,True
4.737109316488643,True
4.287347951941322,True
4.287347951941322,True
4.287347951941322,True
4.287347951941322,True
4.287347951941322,True
4.287347951941322,True
4.287347951941322,True
4.287347951941322,True
4.287347951941322,True
4.287347951941322,True
4.287347951941322,True
4.287347951941322,True
4.287347951941322,True
4.287347951941322,True
4.287347951941322,True
4.287347951941322,True
4.287347951941322,True
4.287347951941322,True
4.287347951941322,True
4.287347951941322,True
4.287347951941322,True
4.287347951941322,True
4.287347951941322,True
4.287347951941322,True
4.287347951941322,True
4.287347951941322,True
4.287347951941322,True
4.287347951941322,True
4.287347951941322,True
4.287347951941322,True
4.287347951941322,True
4.287347951941322,True
4.287347951941322,True
4.346199077617052,True
4.346199077617052,True
4.346199077617052,True
4.346199077617052,True
4.346199077617052,True
4.346199077617052,True
4.346199077617052,True
4.346199077617052,True
4.346199077617052,True
4.346199077617052,True
4.346199077617052,True
4.346199077617052,True
4.346199077617052,True
4.346199077617052,True
4.346199077617052,True
4.346199077617052,True
4.346199077617052,True
4.346199077617052,True
4.346199077617052,True
4.346199077617052,True
4.346199077617052,True
4.346199077617052,True
4.948022873410651,True
5.655019609088639,True
6.438899055589339,True
7.056209753552006,True
7.200594061311004,True
7.346651423172999,True
7.4948889129659015,True
9.397370489098346,True
16.04637342468567,True
16.377933857821734,True
16.263359172229418,True
15.796800353625313,True
14.290400467581621,True
14.795414281244723,True
15.06060125395381,True
15.022615835053927,True
10.862125152100377,True
10.862125152100377,True
10.737340688457062,True
10.328444334364153,True
9.7466116716248,True
8.955753691309717,True
8.032907226554231,True
7.107065359082197,True
6.250419155594655,True
5.482126397932323,True
5.268714515677109,True
5.268714515677109,True
5.268714515677109,True
5.268714515677109,True
5.268714515677109,True
5.268714515677109,True
5.268714515677109,True
5.268714515677109,True
5.268714515677109,True
5.268714515677109,True
5.268714515677109,True
5.268714515677109,True
5.268714515677109,True
5.268714515677109,True
5.268714515677109,True
5.268714515677109,True
5.268714515677109,True
5.268714515677109,True
5.268714515677109,True
5.268714515677109,True
5.268714515677109,True
5.268714515677109,True
5.268714515677109,True
5.268714515677109,True
5.268714515677109,True
5.268714515677109,True
5.268714515677109,True
5.268714515677109,True
5.268714515677109,True
5.268714515677109,True
4.876915071222197,True
4.281575842914245,True
3.5990761372679403,True
2.8769729301717577,True
2.148889253187231,True
1.749894163556934,True
1.8534384906074888,True
1.5078891955428255,True
1.226925730901591,True
1.2582077952172872,True
1.1821943128009245,True
1.330263365805329,True
1.4394683465680838,True
1.7361347091458619,True
1.6411213541078213,True
2.2205026991256167,True
2.309689778211745,True
1.81441597475126,True
1.3249963262226787,True
1.1242630984905035,True
1.314554498859404,True
1.7517220979513635,True
1.4433980208926582,True
1.7136205889496618,True
1.684051970528401,True
1.489592817319231,True
1.2649159008009612,True
1.2512423915780662,True
1.393811408031446,True
1.6881417226436009,True
1.4249451964023379,True
0.7252859305747191,True
1.7535826479747456,True
1.9115938116446318,True
1.9115938116446318,True
1.9115938116446318,True
1.9115938116446318,True
1.9115938116446318,True
1.9115938116446318,True
1.9115938116446318,True
1.9115938116446318,True
1.9115938116446318,True
1.9115938116446318,True
1.9115938116446318,True
1.9115938116446318,True
1.9115938116446318,True
1.9115938116446318,True
1.9115938116446318,True
1.9115938116446318,True
1.9115938116446318,True
1.9115938116446318,True
1.9115938116446318,True
1.9115938116446318,True
1.9115938116446318,True
1.9115938116446318,True
1.9115938116446318,True
3.192824988797035,True
3.192824988797035,True
3.474241898328512,True
3.8807449337041566,True
4.7022777397780455,True
5.502783068264356,True
5.579506963233958,True
5.667668305538196,True
6.111392649464607,True
6.335784483192999,True
6.458043174694396,True
5.934963339338129,True
4.436815775414859,True
4.591776262623543,True
4.802728596502933,True
4.915810195888428,True
4.674192005116148,True
4.41237614637826,True
4.226938309754926,True
4.1013728323649286,True
4.027536722094427,True
2.7388930268356164,True
2.6467388943673336,True
1.083997391735338,True
1.0601142324456183,True
0.8245937822941327,True
0.8245937822941327,True
1.4674541141751458,True
1.8871456808087266,True
1.9303724469757222,True
1.8906161687783223,True
2.169457378011765,True
2.258624439196056,True
2.0004308646879747,True
1.7061222999986951,True
1.4623714824314766,True
1.4223144584227394,True
1.6079987213512106,True
1.6399791947238331,True
1.467639931269233,True
1.3463378120941427,True
1.404916640756573,True
1.174636894715706,True
1.0056638604393402,True
1.2960959457051184,True
1.7195072282549702,True
1.5983787605080988,True
1.3942463179181188,True
1.2601226163668309,True
1.6844965571318138,True
1.950903321836261,True
1.692565632263787,True
1.4003461150714787,True
1.265110471600865,True
1.3024940782522112,True
1.1577515975481392,True
1.3260211331866847,True
1.1216938059357289,True
1.7172503508529031,True
1.5495412933748478,True
2.6837829875913197,True
1.1821059337761506,True
1.1319568549122696,True
1.1319568549122696,True
1.1319568549122696,True
1.1319568549122696,True
1.1319568549122696,True
1.1319568549122696,True
1.1319568549122696,True
1.1319568549122696,True
1.1319568549122696,True
1.1319568549122696,True
1.1319568549122696,True
1.1319568549122696,True
1.1319568549122696,True
1.1319568549122696,True
1.1319568549122696,True
1.1319568549122696,True
1.1319568549122696,True
1.1319568549122696,True
1.1319568549122696,True
1.1319568549122696,True
1.1319568549122696,True
1.1319568549122696,True
1.1319568549122696,True
1.1319568549122696,True
1.1319568549122696,True
1.1319568549122696,True
1.1319568549122696,True
1.1319568549122696,True
1.1319568549122696,True
1.1319568549122696,True
1.1319568549122696,True
1.1319568549122696,True
1.1319568549122696,True
1.1319568549122696,True
1.1319568549122696,True
1.1319568549122696,True
1.1319568549122696,True
1.1319568549122696,True
1.5031638544812198,True
1.9633789508228647,True
2.5047244942268065,True
3.032891201876371,True
3.5600500657673897,True
4.10929827766568,True
4.661606849745448,True
5.20558066616027,True
5.259354385015634,True
5.259354385015634,True
5.259354385015634,True
5.259354385015634,True
5.259354385015634,True
5.259354385015634,True
5.259354385015634,True
5.259354385015634,True
5.259354385015634,True
5.259354385015634,True
5.259354385015634,True
5.259354385015634,True
5.259354385015634,True
5.259354385015634,True
5.259354385015634,True
5.259354385015634,True
5.259354385015634,True
5.259354385015634,True
5.259354385015634,True
5.259354385015634,True
5.259354385015634,True
5.259354385015634,True
5.259354385015634,True
5.259354385015634,True
5.259354385015634,True
5.259354385015634,True
6.718533941000787,True
6.718533941000787,True
6.913629411482377,True
7.113606318830726,True
7.305766876744623,True
7.489947465537796,True
7.54834382137563,True
8.109861630315264,True
8.20083270504826,True
8.12659307699102,True
8.043809119607163,True
7.855118327552825,True
7.391872278877431,True
6.9346941518405645,True
6.50361444324108,True
6.101293280071506,True
5.991781798631671,True
6.110893617841614,True
6.147456790407311,True
6.179127988673411,True
6.188302443029741,True
6.2356880288489815,True
6.369883417544837,True
6.534320314338348,True
6.726834637940186,True
6.90389350798715,True
6.873537346345981,True
6.696247698217984,True
6.283206305169718,True
5.688393586231796,True
5.076531112154627,True
4.41074857649202,True
4.6749031956649505,True
6.822908129795422,True
7.399537085691386,True
7.399537085691386,True
7.453533573588132,True
7.453533573588132,True
7.453533573588132,True
7.453533573588132,True
7.453533573588132,True
7.453533573588132,True
7.453533573588132,True
7.453533573588132,True
7.453533573588132,True
7.453533573588132,True
7.453533573588132,True
7.453533573588132,True
7.453533573588132,True
7.453533573588132,True
7.453533573588132,True
7.453533573588132,True
7.453533573588132,True
7.453533573588132,True
7.453533573588132,True
7.453533573588132,True
7.453533573588132,True
7.453533573588132,True
7.453533573588132,True
7.453533573588132,True
7.453533573588132,True
7.453533573588132,True
7.453533573588132,True
7.453533573588132,True
7.453533573588132,True
7.453533573588132,True
7.453533573588132,True
7.453533573588132,True
7.453533573588132,True
7.453533573588132,True
7.453533573588132,True
7.453533573588132,True
7.453533573588132,True
7.453533573588132,True
7.453533573588132,True
7.453533573588132,True
7.453533573588132,True
7.434385572006706,True
7.381105297885378,True
7.034062572688091,True
6.4889673117978495,True
5.957873803904373,True
5.434609123726744,True
4.937803592808212,True
4.47095763140385,True
4.020966467843164,True
3.896372373852833,True
3.896372373852833,True
3.896372373852833,True
3.896372373852833,True
3.896372373852833,True
3.896372373852833,True
3.896372373852833,True
3.896372373852833,True
3.896372373852833,True
3.896372373852833,True
3.896372373852833,True
3.896372373852833,True
3.896372373852833,True
3.896372373852833,True
3.896372373852833,True
3.896372373852833,True
3.896372373852833,True
3.896372373852833,True
3.896372373852833,True
3.896372373852833,True
3.896372373852833,True
3.896372373852833,True
4.008937511967686,True
4.008937511967686,True
4.011704614040453,True
4.032049286662799,True
4.344522791966276,True
4.77557626366679,True
5.06447414450998,True
5.103320254677822,True
5.201617793991612,True
5.282386275025473,True
5.357232565277367,True
5.722897798800969,True
6.0900348696764,True
6.458030197883885,True
6.826323685247115,True
7.07770104775385,True
7.10238093115311,True
7.334942416069719,True
7.693817595768642,True
7.9856243093917625,True
9.019393584765725,True
9.834873449155358,True
10.118308918123448,True
10.349806415437177,True
10.480867678309263,True
10.849575456189408,True
11.008411239154704,True
11.162144556604236,True
11.26220991432687,True
11.448470980088048,True
11.644913590882018,True
11.84375047002832,True
12.045236934852605,True
12.249623361150949,True
12.457153051765793,True
12.66806028877637,True
12.710949031243901,True
12.617977780048943,True
12.496722973779683,True
12.344440291294116,True
12.157949072376967,True
11.933536834791179,True
11.666838747029056,True
11.352684410864704,True
10.984901659737163,True
9.700075803667659,True
7.517928084861958,True
5.019041456533779,True
5.235737688495618,True
8.833675982413403,True
10.028941967191146,True
7.46547868534238,True
4.418061776392056,True
3.0794429441443283,True
3.0794429441443283,True
3.0794429441443283,True
3.0794429441443283,True
3.0794429441443283,True
3.0794429441443283,True
3.0794429441443283,True
3.0794429441443283,True
3.0794429441443283,True
3.0794429441443283,True
3.0794429441443283,True
3.0794429441443283,True
3.0794429441443283,True
3.0794429441443283,True
3.0794429441443283,True
3.0794429441443283,True
3.0794429441443283,True
3.0794429441443283,True
3.0794429441443283,True
3.0794429441443283,True
3.0794429441443283,True
3.0794429441443283,True
3.0794429441443283,True
3.0794429441443283,True
3.0794429441443283,True
3.0794429441443283,True
3.0794429441443283,True
3.0794429441443283,True
3.0794429441443283,True
3.0794429441443283,True
3.0794429441443283,True
3.0794429441443283,True
3.0794429441443283,True
3.0794429441443283,True
3.0794429441443283,True
3.0794429441443283,True
3.0794429441443283,True
3.0794429441443283,True
3.0794429441443283,True
2.934005751071353,True
2.806956786586511,True
2.707872140891412,True
2.633046294935962,True
2.579394262831249,True
2.544329909503356,True
2.5256711098442755,True
2.521431533566624,True
2.521431533566624,True
2.521431533566624,True
2.521431533566624,True
2.521431533566624,True
2.521431533566624,True
2.521431533566624,True
2.521431533566624,True
2.521431533566624,True
2.521431533566624,True
2.521431533566624,True
2.521431533566624,True
2.521431533566624,True
2.521431533566624,True
2.521431533566624,True
2.521431533566624,True
2.521431533566624,True
2.521431533566624,True
2.521431533566624,True
2.521431533566624,True
2.521431533566624,True
4.186306271106247,True
5.149887749570752,True
5.621823386396442,True
5.576064813100164,True
5.827682236618225,True
6.988330752819495,True
8.223949894727092,True
8.436987550324465,True
8.486133789084564,True
9.234352750756315,True
10.52809707777899,True
11.643371691122274,True
12.719207524642131,True
13.621868090858474,True
13.50796540137895,True
10.063867220784385,True
5.295880603519101,True
5.319905742280576,True
5.451065485192697,True
5.574072109714318,True
5.632365618366665,True
1.6757329837605506,True
1.6757329837605506,True
2.9862058247226733,True
4.366901098103587,True
4.303820622421328,True
3.921280968427554,True
3.4957623334349712,True
3.212324168912097,True
3.0644688731265384,True
2.7673461528778778,True
2.395513895746824,True
2.0737765441920684,True
2.0015219478112503,True
2.3185106166551694,True
2.235112804602079,True
2.235112804602079,True
2.235112804602079,True
2.235112804602079,True
2.235112804602079,True
2.235112804602079,True
2.235112804602079,True
2.235112804602079,True
2.235112804602079,True
2.235112804602079,True
2.235112804602079,True
2.235112804602079,True
2.235112804602079,True
2.235112804602079,True
2.235112804602079,True
2.235112804602079,True
2.235112804602079,True
2.235112804602079,True
2.235112804602079,True
2.235112804602079,True
2.235112804602079,True
2.235112804602079,True
2.235112804602079,True
2.235112804602079,True
2.235112804602079,True
2.235112804602079,True
2.235112804602079,True
2.2606940282108106,True
2.2606940282108106,True
2.2606940282108106,True
2.2606940282108106,True
2.2606940282108106,True
2.2606940282108106,True
2.2606940282108106,True
2.2606940282108106,True
2.2606940282108106,True
2.2606940282108106,True
2.2606940282108106,True
2.2606940282108106,True
2.2606940282108106,True
2.2606940282108106,True
2.2606940282108106,True
2.2606940282108106,True
2.2606940282108106,True
2.2606940282108106,True
2.2606940282108106,True
2.2606940282108106,True
2.4345553203331085,True
2.4345553203331085,True
2.7345607525640347,True
2.7317197746279405,True
3.2329116080253737,True
3.268029976958053,True
1.9357849152031754,True
2.5527190318317636,True
2.805369854107393,True
3.095262092977451,True
3.4086261719951843,True
3.746922814531934,True
4.111726430176057,True
4.824618197400333,True
3.024465474508886,True
1.767844013937451,True
1.9779227764255891,True
1.9795320918626231,True
1.9795320918626231,True
1.9795320918626231,True
2.8469901574252434,True
3.8217692394202922,True
4.792834687453082,True
4.761576504908187,True
4.297529660012184,True
3.8276290973320344,True
3.3904386624751193,True
3.0258466167141473,True
3.0579560303645716,True
1.9577089313700566,True
3.080653298212156,True
1.6450435995274968,True
1.3810807697831724,True
1.509072558031824,True
1.1772511202008686,True
0.8906916567920895,True
0.8036841536289945,True
0.8036841536289945,True
0.8036841536289945,True
0.8036841536289945,True
0.8036841536289945,True
0.8036841536289945,True
0.8036841536289945,True
0.8036841536289945,True
0.8036841536289945,True
0.8036841536289945,True
0.8036841536289945,True
0.8036841536289945,True
0.8036841536289945,True
0.8036841536289945,True
0.8036841536289945,True
0.8036841536289945,True
0.8036841536289945,True
0.8036841536289945,True
0.8036841536289945,True
0.8036841536289945,True
0.8036841536289945,True
0.8036841536289945,True
0.8036841536289945,True
0.8036841536289945,True
0.8036841536289945,True
0.8036841536289945,True
0.8036841536289945,True
1.920817170597725,True
1.9736217489760282,True
1.4189232272106478,True
3.0272695099277174,True
4.714613451706322,True
4.5739904687618305,True
4.2510599274353496,True
3.735395689713457,True
4.260596687085501,True
5.331383176243796,True
5.65786303464636,True
4.730722054887434,True
4.164560724640719,True
4.164560724640719,True
4.164560724640719,True
4.164560724640719,True
4.164560724640719,True
4.164560724640719,True
4.164560724640719,True
4.164560724640719,True
4.164560724640719,True
4.164560724640719,True
4.164560724640719,True
4.164560724640719,True
4.164560724640719,True
4.164560724640719,True
4.164560724640719,True
4.164560724640719,True
4.164560724640719,True
4.164560724640719,True
4.164560724640719,True
4.164560724640719,True
4.164560724640719,True
9.201853723242346,True
9.201853723242346,True
11.969020556559759,True
14.69233545378727,True
17.165485487990566,True
18.121847150938027,True
19.052205284059895,True
19.792475369689996,True
19.338930995717256,True
18.851019737453573,True
18.32903040970501,True
17.886512709208567,True
17.45001870483144,True
17.119310825173564,True
16.390824507925856,True
15.632953900519508,True
12.065209152281998,True
10.552378219173546,True
10.610838797590437,True
10.694544114599376,True
10.80194082228247,True
10.934561506906876,True
11.063448548322578,True
8.954925810083338,True
6.763049662134764,True
3.329701371328979,True
2.148642257624718,True
2.467623119121383,True
2.8118672860094795,True
2.788320181927798,True
1.129843640196577,True
1.0297818296405947,True
1.0297818296405947,True
1.0297818296405947,True
0.9736271804372003,True
0.9514987454320292,True
1.0040535071341148,True
1.2637475698934775,True
2.1251389379846275,True
2.0336010343544206,True
1.9076842682124808,True
1.8153923210833103,True
1.7885722984251688,True
1.579646363907378,True
1.9694105755543125,True
2.5615376968180485,True
3.275532366508917,True
3.3640199144951453,True
2.74007555962334,True
1.150842944480553,True
1.751850156591121,True
2.0104081155473725,True
1.802680283540843,True
1.241107410401892,True
0.8413047156453448,True
0.8413047156453448,True
0.8413047156453448,True
0.8413047156453448,True
0.8413047156453448,True
0.8413047156453448,True
0.8413047156453448,True
0.8413047156453448,True
0.8413047156453448,True
0.8413047156453448,True
0.8413047156453448,True
0.8413047156453448,True
0.8413047156453448,True
0.8413047156453448,True
0.8413047156453448,True
0.8413047156453448,True
0.8413047156453448,True
0.8413047156453448,True
0.8413047156453448,True
0.8413047156453448,True
0.8413047156453448,True
0.8413047156453448,True
0.8413047156453448,True
0.8413047156453448,True
0.8413047156453448,True
1.1581109611098483,True
1.0285870817091325,True
0.832047928748715,True
0.832047928748715,True
0.832047928748715,True
0.832047928748715,True
0.832047928748715,True
0.832047928748715,True
0.832047928748715,True
0.832047928748715,True
0.832047928748715,True
0.832047928748715,True
0.832047928748715,True
0.832047928748715,True
0.832047928748715,True
0.832047928748715,True
0.832047928748715,True
0.832047928748715,True
0.832047928748715,True
0.832047928748715,True
0.832047928748715,True
3.259319230318202,True
3.259319230318202,True
3.06412819149103,True
2.855406288148782,True
3.185097659970248,True
6.131450582590546,True
6.237100382635329,True
6.561627661247604,True
6.5612431389787025,True
6.900122758598195,True
5.496970741302585,True
3.002533720290579,True
2.0122030560502853,True
2.874457856255442,True
3.2222920011550036,True
3.610422945773891,True
4.038663419585577,True
4.401997473632181,True
4.311435101938387,True
3.99140030141507,True
4.29669559273186,True
4.62107594859829,True
5.471397355322851,True
4.639570045347701,True
3.131516041671242,True
3.415093422464134,True
4.17633934592428,True
4.871386102953327,True
4.8725627636954405,True
3.1523233883069963,True
3.1523233883069963,True
3.095819101449094,True
2.999128986586281,True
2.8854818506176514,True
2.749813556713394,True
2.560605127975743,True
2.439707749222899,True
2.3334109620873185,True
2.291035968986386,True
2.291035968986386,True
2.291035968986386,True
2.291035968986386,True
2.291035968986386,True
2.291035968986386,True
2.291035968986386,True
2.291035968986386,True
2.291035968986386,True
2.291035968986386,True
2.291035968986386,True
2.291035968986386,True
2.291035968986386,True
2.291035968986386,True
2.291035968986386,True
2.291035968986386,True
2.291035968986386,True
2.291035968986386,True
2.291035968986386,True
2.291035968986386,True
2.291035968986386,True
2.291035968986386,True
2.291035968986386,True
2.291035968986386,True
2.291035968986386,True
2.291035968986386,True
2.291035968986386,True
2.291035968986386,True
2.291035968986386,True
2.291035968986386,True
2.291035968986386,True
1.863811499946737,True
1.6301046671707493,True
1.7547959802486015,True
1.93224058471809,True
1.7286253740525293,True
1.4941681065332921,True
1.3907801217801867,True
1.6318354336795384,True
1.6067977576586574,True
1.815898845953783,True
1.9495008168303034,True
1.7533902057872155,True
2.2389589592255374,True
2.149183949118972,True
1.8265734254138764,True
1.501909800759159,True
1.411189024711746,True
1.411189024711746,True
1.411189024711746,True
1.411189024711746,True
1.411189024711746,True
1.411189024711746,True
1.411189024711746,True
1.411189024711746,True
1.411189024711746,True
1.411189024711746,True
1.411189024711746,True
1.411189024711746,True
1.411189024711746,True
1.411189024711746,True
1.411189024711746,True
1.411189024711746,True
1.411189024711746,True
1.411189024711746,True
1.411189024711746,True
1.411189024711746,True
1.411189024711746,True
2.7339606029436823,True
2.7339606029436823,True
2.5390400140261455,True
2.322322524012725,True
2.0866559887087313,True
1.862168538962747,True
1.6823115156348485,True
4.920886412370903,True
8.573573171849844,True
7.894740368126463,True
7.037829211979711,True
6.259999918572152,True
5.547035822968742,True
4.8872555955028005,True
4.271027825145495,True
3.6903842141278065,True
3.1819161148347415,True
4.676520882591269,True
6.313375343337064,True
5.956081999041606,True
5.4971233809727345,True
4.916432804865758,True
4.513429248083003,True
4.307762526956604,True
3.965713672019422,True
3.4866418616397374,True
3.1647147538092866,True
3.1132406880803307,True
2.1672280153032086,True
2.4779395731065277,True
2.9396820838531292,True
2.352565623155739,True
1.7253042268321632,True
1.2885881314595944,True
1.5723676822490986,True
1.949099991631365,True
2.2501203309376954,True
2.4825595606936606,True
2.6546126934537893,True
3.240167654181045,True
7.529062442007959,True
7.974875381207325,True
1.2456234915814484,True
1.2456234915814484,True
1.1752594202826097,True
1.109095182613844,True
1.4091445978370423,True
2.7770783675264386,True
2.6708677955479305,True
2.552877739929662,True
2.4456496960702827,True
2.3479655608129892,True
2.258784769729189,True
2.17721383884229,True
2.1024818908722684,True
2.0339208616489293,True
1.9709493918549237,True
1.9130596402146203,True
1.8057822342389491,True
1.3164978513092502,True
1.2789466208067466,True
1.419012999423787,True
1.460688259069736,True
1.5581702878311487,True
1.5245555286330312,True
1.6954164823732447,True
1.3378971729647846,True
1.392234600200144,True
1.3694727486337852,True
1.6975220947490854,True
1.355875307391408,True
1.59478969317826,True
1.4851670153687888,True
1.4517247245420757,True
1.4517247245420757,True
1.4517247245420757,True
1.4517247245420757,True
1.4517247245420757,True
1.4517247245420757,True
1.4517247245420757,True
1.4517247245420757,True
1.4517247245420757,True
1.4517247245420757,True
1.4517247245420757,True
1.4517247245420757,True
1.4517247245420757,True
1.4517247245420757,True
1.4517247245420757,True
1.4517247245420757,True
1.4517247245420757,True
1.4517247245420757,True
1.4517247245420757,True
1.4517247245420757,True
1.4517247245420757,True
1.4517247245420757,True
1.4517247245420757,True
1.4517247245420757,True
1.4517247245420757,True
1.4517247245420757,True
1.4517247245420757,True
1.4517247245420757,True
1.4517247245420757,True
1.4517247245420757,True
1.4517247245420757,True
1.4517247245420757,True
1.4517247245420757,True
1.4517247245420757,True
1.4517247245420757,True
1.4517247245420757,True
1.4517247245420757,True
1.4517247245420757,True
1.4517247245420757,True
1.7903086070733907,True
2.1196994082459932,True
2.4257105953030837,True
2.7191291430759827,True
3.006882912944202,True
3.2982723275981902,True
3.5978993043206278,True
3.871618503681743,True
3.871618503681743,True
3.871618503681743,True
3.871618503681743,True
3.871618503681743,True
3.871618503681743,True
3.871618503681743,True
3.871618503681743,True
3.871618503681743,True
3.871618503681743,True
3.871618503681743,True
3.871618503681743,True
3.871618503681743,True
3.871618503681743,True
3.871618503681743,True
3.871618503681743,True
3.871618503681743,True
3.871618503681743,True
3.871618503681743,True
3.871618503681743,True
3.871618503681743,True
3.871618503681743,True
3.871618503681743,True
3.871618503681743,True
3.721159511309216,True
4.073519541161006,True
5.071789983348872,True
8.006003558897063,True
11.101216151943705,True
12.63525235742087,True
13.666164777588019,True
14.697039702179394,True
15.726521994155581,True
16.642380914166008,True
17.489543144103752,True
18.326546325443235,True
19.152548396201222,True
19.808503791609834,True
20.15798246200268,True
20.4881279883415,True
20.79868673243237,True
21.072609502513707,True
17.056267137189568,True
12.934140787715133,True
5.399778233638047,True
6.868048003681796,True
6.868048003681796,True
6.868048003681796,True
6.868048003681796,True
6.868048003681796,True
6.868048003681796,True
6.868048003681796,True
6.868048003681796,True
6.868048003681796,True
6.868048003681796,True
6.868048003681796,True
6.868048003681796,True
6.868048003681796,True
6.868048003681796,True
6.868048003681796,True
6.868048003681796,True
6.868048003681796,True
6.868048003681796,True
6.868048003681796,True
6.868048003681796,True
6.868048003681796,True
6.868048003681796,True
8.148693485254965,True
8.61663234797633,True
8.273658112385688,True
7.887093372505754,True
7.349930957726732,True
6.601962137512279,True
5.9087276585131665,True
5.267009647056738,True
4.672193520228877,True
4.581036647904297,True
4.581036647904297,True
4.581036647904297,True
4.581036647904297,True
4.581036647904297,True
4.581036647904297,True
4.581036647904297,True
4.581036647904297,True
4.581036647904297,True
4.581036647904297,True
4.581036647904297,True
4.581036647904297,True
4.581036647904297,True
4.581036647904297,True
4.581036647904297,True
4.581036647904297,True
4.581036647904297,True
4.581036647904297,True
4.581036647904297,True
5.140482459853505,True
5.140482459853505,True
5.665488914772812,True
6.275539205228075,True
6.94353960918861,True
7.506153649041545,True
7.96937170385208,True
9.846477105755554,True
9.638543031691121,True
10.046536246309813,True
10.461311859987251,True
10.881771419666785,True
11.032712637909333,True
10.738821284570268,True
10.395672991918397,True
10.003800647232241,True
9.713993304532293,True
9.142475895428978,True
8.850675303236654,True
8.360916286553135,True
5.970652765086899,True
9.042923247623111,True
9.079887360582179,True
8.548446828658264,True
8.010968693418215,True
7.254023059812052,True
8.86080129343244,True
8.320124111996353,True
6.90605483390818,True
4.926358830820647,True
6.4532451561294915,True
5.242389556312543,True
3.2781251765730044,True
6.641540311254577,True
7.245395417479113,True
5.08032935055818,True
2.763346164648139,True
4.938656990549988,True
9.190157704244042,True
10.992818199772133,True
13.23448007529168,True
13.296032277564906,True
12.72065674568795,True
11.955750206271532,True
11.682451142674047,True
11.682451142674047,True
11.682451142674047,True
11.682451142674047,True
11.682451142674047,True
11.682451142674047,True
11.682451142674047,True
11.682451142674047,True
11.682451142674047,True
11.682451142674047,True
11.682451142674047,True
11.682451142674047,True
11.682451142674047,True
11.682451142674047,True
11.682451142674047,True
11.682451142674047,True
11.682451142674047,True
11.682451142674047,True
11.682451142674047,True
11.682451142674047,True
11.682451142674047,True
11.682451142674047,True
11.682451142674047,True
11.682451142674047,True
11.682451142674047,True
11.682451142674047,True
11.682451142674047,True
11.682451142674047,True
11.682451142674047,True
11.682451142674047,True
11.682451142674047,True
11.682451142674047,True
11.682451142674047,True
11.682451142674047,True
11.682451142674047,True
11.682451142674047,True
11.682451142674047,True
11.682451142674047,True
11.682451142674047,True
11.682451142674047,True
11.682451142674047,True
11.682451142674047,True
11.682451142674047,True
10.761429880029512,True
9.813013395792536,True
8.91558095872044,True
8.065158573181078,True
7.257839074198231,True
6.489891116467143,True
5.757824210261486,True
5.376204257097078,True
5.376204257097078,True
5.376204257097078,True
5.376204257097078,True
5.376204257097078,True
5.376204257097078,True
5.376204257097078,True
5.376204257097078,True
5.376204257097078,True
5.376204257097078,True
5.376204257097078,True
5.376204257097078,True
5.376204257097078,True
5.376204257097078,True
5.376204257097078,True
5.376204257097078,True
5.376204257097078,True
5.376204257097078,True
5.376204257097078,True
5.522149792722393,True
5.522149792722393,True
6.327042819725521,True
7.240489575631226,True
8.209131016677915,True
9.227615968491085,True
10.136947793287717,True
9.843793237433829,True
10.278704931927658,True
11.421874275540741,True
12.639298160895665,True
13.541226763771327,True
13.735955161626089,True
13.789031811274334,True
13.763885521521159,True
13.927014283350173,True
14.063957322351479,True
14.107736807375339,True
14.040673053363484,True
13.884620445396697,True
13.68309079112394,True
13.424715314217103,True
11.935738095685098,True
9.887066257016137,True
8.260423384671439,True
7.8609382442647835,True
9.243707291262051,True
10.541040801218482,True
10.810135729773604,True
10.377310727090437,True
11.516190752755486,True
13.178506599379919,True
14.702271913886607,True
16.0895351716181,True
16.517825741292246,True
15.620789130401214,True
14.676962155581403,True
14.801187861007325,True
16.79179555602348,True
17.701487725661405,True
16.71958079124875,True
14.56110657765805,True
13.47961474848815,True
4.290481321102352,True
4.290481321102352,True
3.5074741715361526,True
2.7542899112535206,True
2.5039300737479695,True
3.117121037989131,True
3.8117759893497793,True
3.8796070720946663,True
3.610084333262887,True
3.1943651091086354,True
2.8183731209302763,True
2.8183731209302763,True
2.8183731209302763,True
2.8183731209302763,True
2.8183731209302763,True
2.8183731209302763,True
2.8183731209302763,True
2.8183731209302763,True
2.8183731209302763,True
2.8183731209302763,True
2.8183731209302763,True
2.8183731209302763,True
2.8183731209302763,True
2.8183731209302763,True
2.8183731209302763,True
2.8183731209302763,True
2.8183731209302763,True
2.8183731209302763,True
2.8183731209302763,True
2.8183731209302763,True
2.8183731209302763,True
2.8183731209302763,True
2.8183731209302763,True
2.8183731209302763,True
2.8183731209302763,True
2.8183731209302763,True
2.8183731209302763,True
2.8183731209302763,True
2.8183731209302763,True
2.8183731209302763,True
2.8183731209302763,True
2.8183731209302763,True
2.8183731209302763,True
2.8183731209302763,True
2.8183731209302763,True
2.8183731209302763,True
2.8183731209302763,True
2.8183731209302763,True
2.8183731209302763,True
2.8183731209302763,True
2.8183731209302763,True
2.8183731209302763,True
3.66937530630969,True
4.5742239949547745,True
5.380466251360369,True
5.985418666359529,True
6.2987982121948445,True
6.313366079458419,True
6.082254330859248,True
5.660194863730022,True
5.567078694128716,True
5.567078694128716,True
5.567078694128716,True
5.567078694128716,True
5.567078694128716,True
5.567078694128716,True
5.567078694128716,True
5.567078694128716,True
5.567078694128716,True
5.567078694128716,True
5.567078694128716,True
5.567078694128716,True
5.567078694128716,True
5.567078694128716,True
5.567078694128716,True
5.567078694128716,True
5.567078694128716,True
5.567078694128716,True
5.567078694128716,True
5.567078694128716,True
13.338634476279228,True
13.338634476279228,True
13.51618199519141,True
13.496622674151695,True
13.323114591550796,True
13.155716537122075,True
12.994192376735128,True
12.838305453188305,True
12.687818506948922,True
12.5424935528735,True
11.919698741283867,True
12.598655745911321,True
12.668374843097807,True
11.104093194711425,True
9.99339004100549,True
9.515162489579621,True
9.389003644557171,True
9.294808120991085,True
9.207303843498783,True
9.126965178028918,True
9.054078495628444,True
8.988908898201064,True
8.93170418933908,True
8.598778823273607,True
8.688219698799578,True
10.017984724879954,True
11.65761516922059,True
11.579318037329116,True
10.098054235404373,True
8.925559750598948,True
8.925559750598948,True
8.925559750598948,True
8.374514929420872,True
7.869224822296979,True
7.136086952217312,True
6.033578595311678,True
5.066908316970706,True
4.218782163375645,True
3.473778376241539,True
3.019044592019514,True
3.019044592019514,True
3.019044592019514,True
3.019044592019514,True
3.019044592019514,True
3.019044592019514,True
3.019044592019514,True
3.019044592019514,True
3.019044592019514,True
3.019044592019514,True
3.019044592019514,True
3.019044592019514,True
3.019044592019514,True
3.019044592019514,True
3.019044592019514,True
3.019044592019514,True
3.019044592019514,True
3.019044592019514,True
3.019044592019514,True
3.019044592019514,True
3.019044592019514,True
3.019044592019514,True
3.019044592019514,True
3.019044592019514,True
3.019044592019514,True
3.019044592019514,True
3.019044592019514,True
3.019044592019514,True
3.019044592019514,True
3.019044592019514,True
3.019044592019514,True
3.019044592019514,True
3.019044592019514,True
3.019044592019514,True
3.019044592019514,True
3.019044592019514,True
3.019044592019514,True
3.0241596761700507,True
3.0325595632120272,True
2.4724619700687906,True
1.8187192072453413,True
1.2833724768733963,True
1.5029776828945702,True
1.520459616392633,True
1.447619608196288,True
1.0406577176722855,True
1.6250125505422033,True
2.234945207545281,True
2.2525408811255545,True
2.06720604188798,True
1.3244412034135309,True
1.7757645825559225,True
1.5258415074169163,True
1.420263538671896,True
1.289406939689117,True
1.1989102931270676,True
1.197270264571566,True
1.1054998149888122,True
1.3050882556274264,True
1.0863035852160905,True
1.1514875463739458,True
1.0191516215519998,True
1.1824168768529328,True
1.0866178919858531,True
1.948201007108093,True
1.5907615044421717,True
1.336606603659933,True
1.1077348891846954,True
0.7791672938202752,True
0.7791672938202752,True
0.7791672938202752,True
0.7791672938202752,True
0.7791672938202752,True
0.7791672938202752,True
0.7791672938202752,True
0.7791672938202752,True
0.7791672938202752,True
0.7791672938202752,True
0.7791672938202752,True
0.7791672938202752,True
0.7791672938202752,True
0.7791672938202752,True
0.7791672938202752,True
0.7791672938202752,True
0.7791672938202752,True
0.7791672938202752,True
0.7791672938202752,True
1.0284650899739982,True
1.0284650899739982,True
1.6165304260866806,True
2.27335338030733,True
2.7915760520886934,True
3.3548194915635743,True
3.9809275843774747,True
4.675377291204104,True
5.4436142652664685,True
6.2905879244541465,True
7.220030592956685,True
8.233406546895301,True
9.328481393647952,True
10.497540709865676,True
11.72545021709668,True
12.66740530894444,True
13.658737889430887,True
14.71092024861623,True
15.491362116325405,True
16.01873116411555,True
16.55687374659086,True
17.11182102593297,True
17.581041976166272,True
17.83966925841371,True
18.10306475086873,True
18.374049233323024,True
18.274789391123477,True
17.856505738348137,True
17.606914528905552,True
15.656036539355947,True
10.687101147697094,True
10.071486967820906,True
5.081047734334812,True
4.026548337017505,True
4.03938395833855,True
2.008611803198402,True
2.008611803198402,True
2.2855207496450185,True
2.7385322193788646,True
3.123641505874117,True
3.2853808296379343,True
3.2853808296379343,True
3.2853808296379343,True
3.2853808296379343,True
3.2853808296379343,True
3.2853808296379343,True
3.2853808296379343,True
3.2853808296379343,True
3.2853808296379343,True
3.2853808296379343,True
3.2853808296379343,True
3.2853808296379343,True
3.2853808296379343,True
3.2853808296379343,True
3.2853808296379343,True
3.2853808296379343,True
3.2853808296379343,True
3.2853808296379343,True
3.2853808296379343,True
3.2853808296379343,True
3.2853808296379343,True
3.2853808296379343,True
3.2853808296379343,True
3.2853808296379343,True
3.4916154261062635,True
2.064636495310452,True
1.8898175650709337,True
2.0885340081937023,True
2.2056613591648926,True
1.9086736578765122,True
1.6405350844763453,True
1.3982116211212383,True
1.1790790475977586,True
1.1799755880820753,True
1.8243299415520218,True
1.7530896767429056,True
1.6496645325650867,True
1.623865230646726,True
1.5922107645976014,True
1.3594896069744151,True
1.2567974335270493,True
1.151105241051651,True
1.3749322159540776,True
1.570462822690284,True
1.5379401279938725,True
1.6982146221569734,True
1.5283395477841353,True
1.3573144868756146,True
1.4870869596294247,True
1.5113738367056144,True
1.9384768387239597,True
2.0341941348611523,True
1.5727604673472948,True
1.3013973647442092,True
1.0227714412255726,True
0.9323152921839466,True
0.9323152921839466,True
0.9323152921839466,True
0.9323152921839466,True
0.9323152921839466,True
0.9323152921839466,True
0.9323152921839466,True
0.9323152921839466,True
0.9323152921839466,True
0.9323152921839466,True
0.9323152921839466,True
0.9323152921839466,True
0.9323152921839466,True
0.9323152921839466,True
0.9323152921839466,True
0.9323152921839466,True
0.9323152921839466,True
0.9323152921839466,True
0.9323152921839466,True
0.9323152921839466,True
1.0310456974941495,True
1.0310456974941495,True
1.2554796675899813,True
1.5257752431820613,True
1.8322552429203902,True
2.1987803394205914,True
2.6206057934935005,True
3.0922718843059362,True
3.619139365780805,True
4.384023490931365,True
6.281804635351082,True
6.51821195982739,True
7.1542331058800075,True
7.848620574984922,True
8.561338164816348,True
9.292424552545672,True
9.936980917410906,True
10.35045791410361,True
11.094156697762426,True
6.655358844055248,True
6.695585730301783,True
8.1833400467484,True
9.192476631497266,True
10.435781212471241,True
11.9049072084444,True
11.884165797626753,True
8.361339781531404,True
12.809631577799232,True
14.296066919688082,True
13.993885469465926,True
13.059779828988784,True
12.464175160160995,True
12.036592741866224,True
11.46444020373647,True
11.70519128435381,True
12.135222187497972,True
1.2466093908824236,True
1.2466093908824236,True
1.2757551475742204,True
1.2382491111673133,True
1.1782183653315323,True
1.1058002246698044,True
1.0402772206375646,True
1.0402772206375646,True
1.0402772206375646,True
1.0402772206375646,True
1.0402772206375646,True
1.0402772206375646,True
1.0402772206375646,True
1.0402772206375646,True
1.0402772206375646,True
1.0402772206375646,True
1.0402772206375646,True
1.0402772206375646,True
1.0402772206375646,True
1.0402772206375646,True
1.0402772206375646,True
1.0402772206375646,True
1.0402772206375646,True
1.0402772206375646,True
1.0402772206375646,True
1.0402772206375646,True
1.0402772206375646,True
1.0402772206375646,True
1.0402772206375646,True
1.0402772206375646,True
1.0402772206375646,True
1.0402772206375646,True
1.0402772206375646,True
1.0402772206375646,True
1.0402772206375646,True
1.0402772206375646,True
1.0402772206375646,True
1.0402772206375646,True
1.0402772206375646,True
1.0953874902011855,True
1.1177584075256208,True
1.1151161150123359,True
1.0948858519800813,True
1.0611748831197803,True
1.0163288004346194,True
0.9616623477940641,True
0.9257420363051855,True
0.9257420363051855,True
0.9257420363051855,True
0.9257420363051855,True
0.9257420363051855,True
0.9257420363051855,True
0.9257420363051855,True
0.9257420363051855,True
0.9257420363051855,True
0.9257420363051855,True
0.9257420363051855,True
0.9257420363051855,True
0.9257420363051855,True
0.9257420363051855,True
0.9257420363051855,True
0.9257420363051855,True
0.9257420363051855,True
0.9257420363051855,True
0.9257420363051855,True
2.0413797710367714,True
2.0413797710367714,True
1.8382853393190188,True
2.066556871241832,True
2.800873403394906,True
3.5382941547191993,True
4.276251358553087,True
5.0125703651986395,True
5.744762088441571,True
5.235106746039582,True
4.521197870105037,True
5.575596418307162,True
5.8261046009819655,True
4.847616893674964,True
3.9900460998347915,True
4.212221703639092,True
4.8954940305109105,True
5.195064990977782,True
5.039367012865316,True
3.6346498010687145,True
1.806496317557662,True
1.4825310278826684,True
2.3447829662332973,True
3.2430940153485546,True
3.646880868693582,True
3.646880868693582,True
3.646880868693582,True
4.386655473669295,True
4.646947517726234,True
4.572563136686348,True
4.375220727534853,True
3.5864713163015565,True
2.9562159486321615,True
3.215218401615054,True
1.4409411714295792,True
1.796059716278302,True
1.6243472175787872,True
1.4320198911682196,True
1.2428372854025307,True
1.125166561639762,True
1.1450399683885775,True
1.6695680424223363,True
1.5082423892590202,True
1.882505787801883,True
1.6667166336257164,True
1.5138281642831495,True
1.3240837062363746,True
1.1180317782936835,True
1.1230029539597732,True
1.455567333379863,True
1.439639186577063,True
1.357673446374904,True
1.3480212177672481,True
1.3145762886976944,True
1.253535886947819,True
1.3975237000230507,True
3.464504908395305,True
1.8874149408889727,True
2.0588142711741986,True
1.3154907596861534,True
0.8928182144329337,True
0.6543626996032045,True
0.6543626996032045,True
0.6543626996032045,True
0.6543626996032045,True
0.6543626996032045,True
0.6543626996032045,True
0.6543626996032045,True
0.6543626996032045,True
0.6543626996032045,True
0.6543626996032045,True
0.6543626996032045,True
0.6543626996032045,True
0.6543626996032045,True
0.6543626996032045,True
0.6543626996032045,True
0.6543626996032045,True
0.6543626996032045,True
0.6543626996032045,True
0.6543626996032045,True
0.6543626996032045,True
0.6543626996032045,True
0.6543626996032045,True
0.6543626996032045,True
0.6543626996032045,True
0.6543626996032045,True
0.6543626996032045,True
0.6543626996032045,True
0.6543626996032045,True
0.6543626996032045,True
0.6543626996032045,True
1.6853377345497127,True
2.653143901067494,True
2.41340192458833,True
2.160136752752243,True
1.916568483954069,True
1.7568566530849115,True
1.958365572415867,True
2.349547537401577,True
2.4212980130881503,True
2.2659368440592034,True
2.044166846807549,True
1.7905694617014962,True
1.7509815862797165,True
2.630956294670678,True
2.659465198069303,True
3.2678066871079325,True
4.18328256792384,True
3.1134786933205136,True
2.338531267201749,True
2.0079951803103713,True
2.0237283584657924,True
2.0237283584657924,True
2.0237283584657924,True
2.0237283584657924,True
2.0237283584657924,True
2.0237283584657924,True
2.0237283584657924,True
2.0237283584657924,True
2.0237283584657924,True
2.0237283584657924,True
2.0237283584657924,True
2.0237283584657924,True
2.0237283584657924,True
2.0237283584657924,True
2.0237283584657924,True
2.0237283584657924,True
2.0237283584657924,True
2.0237283584657924,True
2.0237283584657924,True
2.0237283584657924,True
2.0237283584657924,True
2.0237283584657924,True
2.0237283584657924,True
2.0237283584657924,True
2.0237283584657924,True
5.939952002901623,True
5.939952002901623,True
7.970306618218706,True
10.031124748189427,True
11.102299587677248,True
11.801962152142929,True
12.41101822111565,True
10.975731769325805,True
10.09373587949315,True
10.560859960397373,True
11.06692244506511,True
11.613206224766056,True
12.20090406850424,True
12.831104257707267,True
13.5047758486745,True
14.222753660371175,True
14.985723101388217,True
15.79420496838255,True
16.42330601689489,True
16.442625389357747,True
16.388215411198548,True
15.784534893629187,True
15.610244756758679,True
15.380601900769834,True
14.945712883857746,True
15.061858754941957,True
15.065350077755586,True
10.286018207177115,True
10.286018207177115,True
9.871932661100335,True
9.591241712378562,True
9.63187726641027,True
9.744734834611867,True
9.371690682805886,True
8.629120031777497,True
7.930973804048949,True
7.305373366030651,True
6.73598944825019,True
6.450768674306309,True
6.605999712280322,True
6.632854302298842,True
6.2999489972914615,True
5.750538487494804,True
5.234349548007734,True
4.743072540806921,True
4.2586862048399405,True
3.76561968899618,True
3.221691361094508,True
2.6933727806400345,True
2.181536637603938,True
1.6870219858167812,True
1.434060611688193,True
1.3723249247747835,True
1.3071578844796878,True
1.3170274408353624,True
1.252727366188556,True
1.2731273070954585,True
1.5735347572285454,True
2.064045880688331,True
2.0330606917645904,True
1.4640671503320837,True
1.335928656163499,True
1.4072728969646882,True
1.5910395134994775,True
1.9447486664245182,True
1.8469562207352526,True
2.0182018008086104,True
2.0411266789430873,True
2.0932176942815155,True
1.8636294620617002,True
1.5515317787577116,True
1.1887547551388673,True
0.5294406865592913,True
0.7308663852032844,True
1.2153956062360003,True
1.2153956062360003,True
1.2153956062360003,True
1.2153956062360003,True
1.2153956062360003,True
1.2153956062360003,True
1.2153956062360003,True
1.2153956062360003,True
1.2153956062360003,True
1.2153956062360003,True
1.2153956062360003,True
1.2153956062360003,True
1.2153956062360003,True
1.2153956062360003,True
1.2153956062360003,True
1.2153956062360003,True
1.2153956062360003,True
1.2153956062360003,True
1.2153956062360003,True
1.2153956062360003,True
1.2153956062360003,True
1.7758440154784962,True
2.6268231985825388,True
3.6753994426055727,True
4.107952671889149,True
4.917109227459955,True
5.671927719118269,True
6.3518152852151895,True
6.1969850793857875,True
6.116796340420998,True
6.022435751287871,True
5.616176505845311,True
9.316771802237263,True
10.52028397630303,True
5.509488924392035,True
5.044471518699228,True
5.068485243275009,True
5.068485243275009,True
5.068485243275009,True
5.068485243275009,True
5.068485243275009,True
5.068485243275009,True
5.068485243275009,True
5.068485243275009,True
5.068485243275009,True
5.068485243275009,True
5.068485243275009,True
5.068485243275009,True
5.068485243275009,True
5.068485243275009,True
5.068485243275009,True
5.068485243275009,True
5.068485243275009,True
5.068485243275009,True
5.068485243275009,True
5.068485243275009,True
5.068485243275009,True
5.068485243275009,True
5.068485243275009,True
6.781386506723676,True
8.575864628386944,True
9.013630254018173,True
9.137648267727837,True
9.229931086721713,True
8.94075358557775,True
8.718292564307285,True
8.572675913994582,True
8.514576990720737,True
8.555014860142185,True
8.67512144106494,True
8.874903131732248,True
9.183463425767007,True
9.613707143584223,True
10.180906863925683,True
10.903191113713302,True
11.80215901407669,True
12.903648488176813,True
13.766078837682059,True
13.149170078298118,True
8.149612410036617,True
4.760055192301936,True
2.813349716824331,True
2.3064226265243843,True
2.275848734066115,True
2.2591751859904696,True
2.103088542624161,True
2.913954189646492,True
2.7472067989538007,True
2.9193717545564155,True
3.161530374706505,True
4.069620615612922,True
4.155857022047934,True
3.039136691694097,True
6.098702416595309,True
3.5715632539561617,True
2.9340616621327102,True
2.628140346139446,True
2.6202988939853866,True
2.6202988939853866,True
2.6202988939853866,True
2.4451596507804902,True
2.237748697797606,True
2.0336817559900973,True
1.857084002433621,True
1.7294768067893163,True
1.6625052299821201,True
1.6567496587100081,True
1.7064514915478852,True
1.7458637895734475,True
1.7458637895734475,True
1.7458637895734475,True
1.7458637895734475,True
1.7458637895734475,True
1.7458637895734475,True
1.7458637895734475,True
1.7458637895734475,True
1.7458637895734475,True
1.7458637895734475,True
1.7458637895734475,True
1.7458637895734475,True
1.7458637895734475,True
1.7458637895734475,True
1.7458637895734475,True
1.7458637895734475,True
1.7458637895734475,True
1.7458637895734475,True
1.7458637895734475,True
1.7458637895734475,True
1.7458637895734475,True
1.7458637895734475,True
1.7458637895734475,True
1.7458637895734475,True
1.8572570790346008,True
1.9703342693482242,True
2.073317362547948,True
2.164299967643691,True
2.2413069943487525,True
2.302313218729446,True
2.345260510284555,True
2.3665448273222687,True
2.3500677108731227,True
2.301368528426636,True
2.231756683678693,True
2.147875126100357,True
2.024399288932709,True
1.715289785759242,True
1.4341986796548014,True
1.4182402193147225,True
1.4182402193147225,True
1.4182402193147225,True
1.4182402193147225,True
1.4182402193147225,True
1.4182402193147225,True
1.4182402193147225,True
1.4182402193147225,True
1.4182402193147225,True
1.4182402193147225,True
1.4182402193147225,True
1.4182402193147225,True
1.4182402193147225,True
1.4182402193147225,True
1.4182402193147225,True
1.4182402193147225,True
1.4182402193147225,True
1.4182402193147225,True
1.4182402193147225,True
1.4182402193147225,True
1.4182402193147225,True
1.4182402193147225,True
1.4182402193147225,True
1.4182402193147225,True
1.4182402193147225,True
1.4182402193147225,True
1.4182402193147225,True
1.565993346239564,True
1.7098687927073044,True
2.211871994015383,True
5.315930166573354,True
5.49947897775323,True
6.527344073077108,True
6.188869443209091,True
7.109641418484487,True
7.50642666778271,True
6.837875408200113,True
6.048528075746342,True
4.157238956287149,True
2.37080815326018,True
3.238878132389755,True
4.69542184258645,True
5.860001872753159,True
6.57916484811555,True
7.043184455262685,True
7.512364934028243,True
7.986951936103104,True
8.46719505571942,True
8.953338943367864,True
9.44561362718612,True
9.944223886576076,True
10.449337534691551,True
9.98823935817943,True
8.55457998462095,True
9.058517064099156,True
9.552615749545128,True
9.137786460847481,True
7.537286818882617,True
7.9957970589345875,True
7.383608857320144,True
6.891594774603295,True
6.336154032038458,True
5.6401537169987215,True
4.638477330267565,True
3.5974919712994184,True
3.8014484640641797,True
5.474561954500459,True
3.556229264315094,True
1.537184756507079,True
1.2100123442308035,True
1.3221337231691965,True
1.3728434876823372,True
1.3728434876823372,True
1.3728434876823372,True
1.4932402046776458,True
1.582969465949494,True
1.6307351808801147,True
1.634419679751175,True
1.5309406080728853,True
1.3730897033085663,True
1.2424729625096853,True
1.2519857896158453,True
1.3710726387859418,True
1.5210112820274018,True
1.6302657365386932,True
3.122222213892545,True
3.2170987761712646,True
3.086456090221449,True
2.873287741076069,True
2.873287741076069,True
2.873287741076069,True
2.873287741076069,True
2.873287741076069,True
2.873287741076069,True
2.873287741076069,True
2.873287741076069,True
2.873287741076069,True
2.873287741076069,True
2.873287741076069,True
2.873287741076069,True
2.873287741076069,True
2.873287741076069,True
2.873287741076069,True
2.873287741076069,True
2.873287741076069,True
2.873287741076069,True
2.873287741076069,True
2.873287741076069,True
2.873287741076069,True
2.873287741076069,True
2.873287741076069,True
2.873287741076069,True
2.873287741076069,True
2.873287741076069,True
2.873287741076069,True
2.873287741076069,True
2.873287741076069,True
2.873287741076069,True
2.873287741076069,True
2.873287741076069,True
2.873287741076069,True
3.0087036540412835,True
3.2857965632375357,True
3.3118334288786553,True
3.3032215576334254,True
3.3592648348774548,True
3.4863684284607093,True
3.6750609461778643,True
3.8631108138406396,True
3.8631108138406396,True
3.8631108138406396,True
3.8631108138406396,True
3.8631108138406396,True
3.8631108138406396,True
3.8631108138406396,True
3.8631108138406396,True
3.8631108138406396,True
3.8631108138406396,True
3.8631108138406396,True
3.8631108138406396,True
3.8631108138406396,True
3.8631108138406396,True
3.8631108138406396,True
3.8631108138406396,True
3.8631108138406396,True
3.8631108138406396,True
3.8631108138406396,True
3.8631108138406396,True
3.8631108138406396,True
3.8631108138406396,True
4.032244754902758,True
3.664935101008962,True
4.8089136440422395,True
6.731758757057339,True
7.030250455616438,True
7.236933780819386,True
7.467257698839167,True
7.722612532412081,True
8.004494817823268,True
6.974346521779551,True
4.428612031418972,True
8.871621359070062,True
10.709364295878052,True
11.075974057877723,True
11.406750842202314,True
11.533207244136463,True
11.404452941631543,True
10.037999774871338,True
8.568176788046987,True
7.015864646376926,True
5.407785196690861,True
3.774377396965619,True
4.047512299531602,True
13.839668199277567,True
13.647438222132598,True
12.855699737471591,True
12.01873669160387,True
11.141182099127347,True
10.228692605306854,True
9.287750823496852,True
8.325406149671654,True
7.348977001352895,True
6.365742480873149,True
5.382651944536627,True
4.406076966096492,True
3.441622866761721,True
7.748199141721171,True
12.89794888068402,True
12.539376112360811,True
12.195387442851308,True
12.843245177497696,True
15.680294089112817,True
12.311685993879143,True
7.550778047732885,True
5.246430629178368,True
5.200871284530414,True
3.4144094408675083,True
3.4144094408675083,True
3.2716502177364033,True
3.1289046139282437,True
2.997593110536405,True
2.876239571439303,True
2.7635274455617727,True
2.6583112951484353,True
2.5827392022301576,True
2.5827392022301576,True
2.5827392022301576,True
2.5827392022301576,True
2.5827392022301576,True
2.5827392022301576,True
2.5827392022301576,True
2.5827392022301576,True
2.5827392022301576,True
2.5827392022301576,True
2.5827392022301576,True
2.5827392022301576,True
2.5827392022301576,True
2.5827392022301576,True
2.5827392022301576,True
2.5827392022301576,True
2.5827392022301576,True
2.5827392022301576,True
2.5827392022301576,True
2.5827392022301576,True
2.5827392022301576,True
2.5827392022301576,True
2.5827392022301576,True
2.5827392022301576,True
2.5827392022301576,True
2.5850519116400363,True
2.5850519116400363,True
2.5850519116400363,True
2.5850519116400363,True
2.5850519116400363,True
2.5850519116400363,True
2.5850519116400363,True
2.5850519116400363,True
2.5850519116400363,True
2.5850519116400363,True
2.5850519116400363,True
2.5850519116400363,True
2.5850519116400363,True
2.5850519116400363,True
2.5850519116400363,True
2.5850519116400363,True
2.5850519116400363,True
2.5850519116400363,True
2.5850519116400363,True
2.5850519116400363,True
2.767719849213174,True
2.767719849213174,True
2.8212482885854615,True
2.876149269575051,True
3.2737621593466684,True
5.536116881924153,True
5.760353494759844,True
5.693405924214726,True
6.0061351790009985,True
8.950660664498393,True
10.12412319478178,True
11.636796814011754,True
12.122000616577376,True
12.400612275350436,True
12.470314775147301,True
12.387709035790373,True
11.939024512670708,True
11.030327596711448,True
10.09489051580487,True
9.528864050259212,True
8.500959861355481,True
6.342430160889382,True
1.0563627628029857,True
1.0563627628029857,True
1.140930898412765,True
1.2259075206526422,True
1.303460977350141,True
1.3733849959269702,True
1.4354357212948354,True
1.468685264200992,True
1.4269978108807988,True
1.3121404581281852,True
1.140732875571325,True
0.9255447828759105,True
0.819232204948566,True
0.819232204948566,True
0.819232204948566,True
0.819232204948566,True
0.819232204948566,True
0.819232204948566,True
0.819232204948566,True
0.819232204948566,True
0.819232204948566,True
0.819232204948566,True
0.819232204948566,True
0.819232204948566,True
0.819232204948566,True
0.819232204948566,True
0.819232204948566,True
0.819232204948566,True
0.819232204948566,True
0.819232204948566,True
0.819232204948566,True
0.819232204948566,True
0.819232204948566,True
0.819232204948566,True
0.819232204948566,True
0.819232204948566,True
0.819232204948566,True
0.819232204948566,True
0.819232204948566,True
0.819232204948566,True
0.819232204948566,True
0.819232204948566,True
0.819232204948566,True
0.819232204948566,True
0.819232204948566,True
2.6281432616534053,True
4.23064376191831,True
4.8877984055196,True
5.07094221020184,True
5.080070532121082,True
5.018241359730737,True
4.931239955504516,True
4.1824634482503,True
3.6628844012189594,True
3.6628844012189594,True
3.6628844012189594,True
3.6628844012189594,True
3.6628844012189594,True
3.6628844012189594,True
3.6628844012189594,True
3.6628844012189594,True
3.6628844012189594,True
3.6628844012189594,True
3.6628844012189594,True
3.6628844012189594,True
3.6628844012189594,True
3.6628844012189594,True
3.6628844012189594,True
3.6628844012189594,True
3.6628844012189594,True
3.6628844012189594,True
3.6628844012189594,True
