3.536538372150625,True
29.076496579157684,True
28.689109462130165,True
26.635370751014033,True
21.53987636219409,True
16.272520726929674,True
15.76276924309238,True
14.764682460000708,True
11.76809752225364,True
10.039821502212362,True
7.841447050590518,True
8.765724403325697,True
9.399282708886759,True
9.109503041851852,True
7.681956661150369,True
4.9450488439025735,True
2.1912396044028073,True
1.5304018860699673,True
1.5304018860699673,True
1.5304018860699673,True
2.063673309218121,True
3.294588805803887,True
5.449098120672656,True
7.249848930790523,True
7.375826739078122,True
6.809374384550688,True
6.168545797807374,True
5.518888088711253,True
4.860019050042476,True
4.191512717867512,True
3.756064442830294,True
2.999413751905488,True
1.7661634519868672,True
2.29673139781666,True
3.768699653022411,True
6.435178941644698,True
6.432567494013571,True
6.432567494013571,True
6.432567494013571,True
6.432567494013571,True
6.432567494013571,True
6.432567494013571,True
6.432567494013571,True
6.432567494013571,True
6.432567494013571,True
6.432567494013571,True
6.432567494013571,True
6.432567494013571,True
6.432567494013571,True
6.432567494013571,True
6.432567494013571,True
6.432567494013571,True
6.432567494013571,True
6.432567494013571,True
6.432567494013571,True
6.432567494013571,True
6.432567494013571,True
6.432567494013571,True
6.432567494013571,True
6.432567494013571,True
6.355114014598244,True
6.355114014598244,True
6.355114014598244,True
6.355114014598244,True
6.355114014598244,True
6.355114014598244,True
6.355114014598244,True
6.355114014598244,True
6.355114014598244,True
6.355114014598244,True
6.355114014598244,True
6.355114014598244,True
6.355114014598244,True
6.355114014598244,True
6.355114014598244,True
6.355114014598244,True
6.355114014598244,True
6.355114014598244,True
6.355114014598244,True
6.355114014598244,True
6.355114014598244,True
6.355114014598244,True
9.4299633766402,True
13.41037875387846,True
17.837490329895353,True
18.995595499433687,True
19.604837618818696,True
20.221811991550364,True
20.846444040214703,True
21.478715401437203,True
22.11867220449246,True
22.766433676278062,True
23.42220123136244,True
24.08517438863088,True
24.38597641515808,True
25.29031389671767,True
23.931697808298416,True
21.239781189605488,True
20.22171932399263,True
20.275355211606048,True
20.133145222546684,True
19.973432424312755,True
19.797110466447524,True
19.34498008820148,True
16.5317119428139,True
16.31045978195569,True
16.106186033051703,True
15.888802468350452,True
15.658900184459831,True
15.416965589470626,True
15.163379928580135,True
14.89841848497202,True
14.114932486120289,True
11.353136890466493,True
11.122725795146227,True
10.858055795977664,True
10.409454720790704,True
8.218620449415795,True
5.99392360391389,True
5.633065459309202,True
4.815133016473311,True
3.8960225667909048,True
2.3821647436909146,True
1.269148454607592,True
1.2691484546075922,True
1.860523088458935,True
1.860523088458935,True
1.860523088458935,True
1.860523088458935,True
1.860523088458935,True
1.860523088458935,True
1.860523088458935,True
1.860523088458935,True
1.860523088458935,True
1.860523088458935,True
1.860523088458935,True
1.860523088458935,True
1.860523088458935,True
1.860523088458935,True
1.860523088458935,True
1.860523088458935,True
1.860523088458935,True
1.860523088458935,True
1.860523088458935,True
1.860523088458935,True
1.860523088458935,True
1.860523088458935,True
1.860523088458935,True
1.860523088458935,True
1.860523088458935,True
1.860523088458935,True
2.4902747249140624,True
2.6821698398055567,True
2.333672706588664,True
2.009292756102729,True
1.8211078815180182,True
1.8211078815180182,True
1.8211078815180182,True
1.8211078815180182,True
1.8211078815180182,True
1.8211078815180182,True
1.8211078815180182,True
1.8211078815180182,True
1.8211078815180182,True
1.8211078815180182,True
1.8211078815180182,True
1.8211078815180182,True
1.8211078815180182,True
1.8211078815180182,True
1.8211078815180182,True
1.8211078815180182,True
1.8211078815180182,True
1.8211078815180182,True
1.8211078815180182,True
1.8211078815180182,True
1.8211078815180182,True
1.8211078815180182,True
2.691065023132326,True
2.691065023132326,True
3.7540934044321475,True
6.25141078173029,True
8.689395980210735,True
10.923604726097746,True
13.343340563561194,True
12.599185239083516,True
11.660821865894073,True
9.767053452483143,True
7.756604095013924,True
5.637547698767843,True
3.422004214246053,True
2.5192449741338736,True
2.105691544966114,True
2.581761246832215,True
2.54593917078594,True
2.723700598711628,True
1.3576288417463194,True
1.3576288417463194,True
1.3576288417463194,True
3.7741037437772453,True
4.493196552358259,True
4.347585272614641,True
4.0060315998661755,True
3.5497931349871044,True
3.02833542937205,True
2.4404780103365598,True
1.9544062743835267,True
1.9544062743835267,True
1.9544062743835267,True
1.9544062743835267,True
1.9544062743835267,True
1.9544062743835267,True
1.9544062743835267,True
1.9544062743835267,True
1.9544062743835267,True
1.9544062743835267,True
1.9544062743835267,True
1.9544062743835267,True
1.9544062743835267,True
1.9544062743835267,True
1.9544062743835267,True
1.9544062743835267,True
1.9544062743835267,True
1.9544062743835267,True
1.9544062743835267,True
1.9544062743835267,True
1.9544062743835267,True
1.9544062743835267,True
1.9544062743835267,True
1.9544062743835267,True
1.9544062743835267,True
1.9544062743835267,True
1.9544062743835267,True
1.9544062743835267,True
1.9544062743835267,True
1.9544062743835267,True
1.9544062743835267,True
1.9544062743835267,True
1.9544062743835267,True
2.9991611989963176,True
3.9964158822293108,True
4.806491199997963,True
5.40159056499662,True
5.555198826753733,True
5.555198826753733,True
5.555198826753733,True
5.555198826753733,True
5.555198826753733,True
5.555198826753733,True
5.555198826753733,True
5.555198826753733,True
5.555198826753733,True
5.555198826753733,True
5.555198826753733,True
5.555198826753733,True
5.555198826753733,True
5.555198826753733,True
5.555198826753733,True
5.555198826753733,True
5.555198826753733,True
5.555198826753733,True
5.555198826753733,True
5.555198826753733,True
5.555198826753733,True
5.555198826753733,True
7.352096490764937,True
7.352096490764937,True
11.706199265404457,True
16.07058865560843,True
15.954473552207853,True
15.800134765580541,True
16.59158511593907,True
21.239173841225572,True
14.896334593076064,True
9.95208687224954,True
8.211490048727091,True
8.300547525987968,True
8.462704892726073,True
8.629242839750065,True
8.730010657930025,True
4.7233664825193005,True
4.7233664825193005,True
3.995352240012354,True
3.2342591013070208,True
2.482851893419374,True
1.7335244170138904,True
1.1417632128428958,True
1.873892471402206,True
4.865587179515545,True
7.603455744504649,True
7.4461057214863375,True
6.977756406767994,True
6.513611535093039,True
6.264692927379489,True
6.130323334134479,True
6.202557776007336,True
5.982012096196931,True
5.063134428549037,True
5.559332163966611,True
5.026091706028912,True
4.49258112513014,True
3.945230933428527,True
3.3702727984595606,True
2.753969194862085,True
2.08294975508102,True
3.9613643368255502,True
8.527358650617716,True
7.357511861885003,True
6.037773859270257,True
6.037773859270257,True
6.037773859270257,True
6.037773859270257,True
6.037773859270257,True
6.037773859270257,True
6.037773859270257,True
6.037773859270257,True
6.037773859270257,True
6.037773859270257,True
6.037773859270257,True
6.037773859270257,True
6.037773859270257,True
6.037773859270257,True
6.037773859270257,True
6.037773859270257,True
6.037773859270257,True
6.037773859270257,True
6.037773859270257,True
6.037773859270257,True
6.037773859270257,True
6.037773859270257,True
6.037773859270257,True
6.037773859270257,True
6.037773859270257,True
6.037773859270257,True
6.037773859270257,True
6.037773859270257,True
6.037773859270257,True
6.037773859270257,True
6.037773859270257,True
6.56244117732755,True
6.56244117732755,True
6.56244117732755,True
6.56244117732755,True
6.56244117732755,True
6.56244117732755,True
6.56244117732755,True
6.56244117732755,True
6.56244117732755,True
6.56244117732755,True
6.56244117732755,True
6.56244117732755,True
6.56244117732755,True
6.56244117732755,True
6.56244117732755,True
6.56244117732755,True
6.56244117732755,True
6.56244117732755,True
6.56244117732755,True
6.56244117732755,True
23.125841338244243,True
23.125841338244243,True
24.315521346636984,True
25.529247905180398,True
26.26242618257532,True
28.026314984302008,True
28.6872928214004,True
28.759945234758348,True
28.14117736227865,True
27.2963488698157,True
26.402927806823826,True
25.463813285135043,True
24.488241138115306,True
24.122598294742204,True
22.241651185954947,True
8.49807117153842,True
5.688639584867519,True
5.581886392337493,True
5.567645964810183,True
5.567645964810183,True
5.567645964810183,True
5.210444533084762,True
5.122500138989842,True
5.3401632986079495,True
5.664239792780613,True
5.978577934100343,True
6.152888390456621,True
6.152888390456621,True
6.152888390456621,True
6.152888390456621,True
6.152888390456621,True
6.152888390456621,True
6.152888390456621,True
6.152888390456621,True
6.152888390456621,True
6.152888390456621,True
6.152888390456621,True
6.152888390456621,True
6.152888390456621,True
6.152888390456621,True
6.152888390456621,True
6.152888390456621,True
6.152888390456621,True
6.152888390456621,True
6.152888390456621,True
6.152888390456621,True
6.152888390456621,True
6.152888390456621,True
6.152888390456621,True
6.152888390456621,True
6.152888390456621,True
6.152888390456621,True
6.152888390456621,True
6.152888390456621,True
6.152888390456621,True
6.152888390456621,True
6.152888390456621,True
6.152888390456621,True
6.152888390456621,True
5.860379326613895,True
5.860379326613895,True
5.860379326613895,True
5.860379326613895,True
5.860379326613895,True
5.860379326613895,True
5.860379326613895,True
5.860379326613895,True
5.860379326613895,True
5.860379326613895,True
5.860379326613895,True
5.860379326613895,True
5.860379326613895,True
5.860379326613895,True
5.860379326613895,True
5.860379326613895,True
5.860379326613895,True
5.860379326613895,True
5.860379326613895,True
5.860379326613895,True
5.9174688426718856,True
5.9174688426718856,True
6.090606439434922,True
5.478339437080639,True
4.808839164316017,True
4.063232432205269,True
3.2186307420270355,True
2.2473571825909096,True
1.1162391789139394,True
3.9747714392066595,True
7.953184289619066,True
7.14900302392365,True
6.180050819566734,True
5.001310062371308,True
3.5561027060101393,True
2.510817852828099,True
8.771538066227622,True
8.445781720438404,True
6.181926335202019,True
3.7887718194435855,True
8.725714380245702,True
7.843539647634793,True
4.176465916920145,True
1.0646581397829562,True
8.116631710614142,True
20.178701526886794,True
29.777723216010145,True
30.48542667692632,True
19.85562075050821,True
10.87043541789218,True
8.7330229033543,True
6.760546999322852,True
6.760546999322852,True
6.760546999322852,True
6.760546999322852,True
6.760546999322852,True
6.760546999322852,True
6.760546999322852,True
6.760546999322852,True
6.760546999322852,True
6.760546999322852,True
6.760546999322852,True
6.760546999322852,True
6.760546999322852,True
6.760546999322852,True
6.760546999322852,True
6.760546999322852,True
6.760546999322852,True
6.760546999322852,True
6.760546999322852,True
6.760546999322852,True
6.760546999322852,True
6.760546999322852,True
6.760546999322852,True
6.760546999322852,True
6.760546999322852,True
6.760546999322852,True
6.760546999322852,True
6.760546999322852,True
6.760546999322852,True
6.760546999322852,True
6.760546999322852,True
6.760546999322852,True
6.760546999322852,True
6.760546999322852,True
6.760546999322852,True
6.760546999322852,True
6.760546999322852,True
6.760546999322852,True
6.760546999322852,True
6.760546999322852,True
6.760546999322852,True
6.760546999322852,True
6.760546999322852,True
6.760546999322852,True
6.760546999322852,True
6.760546999322852,True
6.760546999322852,True
6.760546999322852,True
6.760546999322852,True
6.760546999322852,True
6.760546999322852,True
6.760546999322852,True
6.760546999322852,True
6.760546999322852,True
6.760546999322852,True
6.760546999322852,True
6.760546999322852,True
6.760546999322852,True
6.760546999322852,True
6.760546999322852,True
6.760546999322852,True
6.760546999322852,True
8.95341080072473,True
11.105796255085538,True
13.088360801163201,True
14.901354159064262,True
16.23068787345867,True
17.387503748682207,True
18.396772062982112,True
19.280182258084466,True
20.05644888131659,True
20.741657637825575,True
20.83103079424767,True
20.801939747162038,True
20.767838983667264,True
19.702787553186393,True
19.420339225623266,True
20.5931406544884,True
19.52442142528659,True
18.3238695240894,True
17.144954523037914,True
15.9854058956743,True
13.799281715488753,True
14.724429556822573,True
16.66839480600927,True
20.193568040013492,True
22.464639210425002,True
25.82263031095543,True
22.50527091189169,True
20.471366419851734,True
19.401622652509058,True
18.416423421153986,True
16.34622171368386,True
15.842083773398606,True
7.683812260457574,True
7.683812260457574,True
7.35322873229248,True
6.994198093581355,True
6.636136525007177,True
6.27973431037152,True
5.925697013361771,True
5.577778944979934,True
5.255125730804659,True
4.973017221930527,True
4.723093266671826,True
4.491523316755592,True
4.459893301617031,True
4.459893301617031,True
4.459893301617031,True
4.459893301617031,True
4.459893301617031,True
4.459893301617031,True
4.459893301617031,True
4.459893301617031,True
4.459893301617031,True
4.459893301617031,True
4.459893301617031,True
4.459893301617031,True
4.459893301617031,True
4.459893301617031,True
4.459893301617031,True
4.459893301617031,True
4.459893301617031,True
4.459893301617031,True
4.459893301617031,True
4.459893301617031,True
4.459893301617031,True
4.459893301617031,True
4.459893301617031,True
4.459893301617031,True
4.459893301617031,True
4.459893301617031,True
4.459893301617031,True
4.459893301617031,True
3.870571827842357,True
3.870571827842357,True
3.870571827842357,True
3.870571827842357,True
3.870571827842357,True
3.870571827842357,True
3.870571827842357,True
3.870571827842357,True
3.870571827842357,True
3.870571827842357,True
3.870571827842357,True
3.870571827842357,True
3.870571827842357,True
3.870571827842357,True
3.870571827842357,True
3.870571827842357,True
3.870571827842357,True
3.870571827842357,True
3.870571827842357,True
3.870571827842357,True
6.039962238389964,True
6.039962238389964,True
5.575486631601694,True
4.83433372658487,True
5.07039462552351,True
6.356331657095003,True
7.667619152011823,True
9.000076238594028,True
10.349172672125036,True
11.002172666850043,True
10.495875309432257,True
10.062917078575458,True
10.252258198133095,True
11.57678268947613,True
12.90727528275661,True
14.237716593795865,True
15.561970077117339,True
16.3577229556986,True
16.09460830961774,True
15.958857285623752,True
16.739254844055452,True
18.405735347778563,True
20.109639047280616,True
21.848637552227807,True
23.021792252837585,True
23.8002959730332,True
24.580959690394664,True
25.21950835608128,True
25.639240330551683,True
26.06032727097383,True
26.483057690055727,True
26.907747163678025,True
27.33474090542827,True
27.764416759415788,True
28.197188677851514,True
28.6335107605669,True
29.082631622304635,True
29.53189730527125,True
30.295874600077102,True
31.22071729734138,True
32.2606216022963,True
33.33132982881873,True
34.33150657069054,True
34.70449037818528,True
34.40616196383988,True
34.1205790958266,True
33.847944193750685,True
33.48543958108412,True
33.00672680141646,True
33.03753023473648,True
35.02435094028938,True
34.52531482825431,True
34.63800332938751,True
34.81406786256866,True
34.895433807709324,True
9.806359342681354,True
9.806359342681354,True
10.581186094568391,True
10.394885627795883,True
9.891496748153825,True
9.33657809775855,True
8.750150827981331,True
8.14930257921859,True
7.549748943287139,True
6.998820901789786,True
6.998820901789786,True
6.998820901789786,True
6.998820901789786,True
6.998820901789786,True
6.998820901789786,True
6.998820901789786,True
6.998820901789786,True
6.998820901789786,True
6.998820901789786,True
6.998820901789786,True
6.998820901789786,True
6.998820901789786,True
6.998820901789786,True
6.998820901789786,True
6.998820901789786,True
6.998820901789786,True
6.998820901789786,True
6.998820901789786,True
6.998820901789786,True
6.998820901789786,True
6.998820901789786,True
6.998820901789786,True
6.998820901789786,True
6.998820901789786,True
6.998820901789786,True
6.998820901789786,True
6.998820901789786,True
6.998820901789786,True
6.998820901789786,True
6.998820901789786,True
6.998820901789786,True
6.998820901789786,True
6.998820901789786,True
6.998820901789786,True
6.998820901789786,True
6.998820901789786,True
6.259007227302354,True
5.533210614746192,True
4.88108786390973,True
4.363099226453786,True
3.619519768349821,True
2.5939240132701107,True
1.9115057880163764,True
1.4127414248790862,True
1.2844098628183915,True
5.210240306301316,True
5.588603918033658,True
4.830897181564766,True
4.036632529305579,True
3.259484867652103,True
3.3781433019378597,True
2.38126359871211,True
2.5624263867885873,True
2.7765901009461476,True
2.9829004836491473,True
4.1425291682613725,True
4.375313184912738,True
2.197262425311996,True
1.589364024306894,True
1.589364024306894,True
1.589364024306894,True
1.589364024306894,True
1.589364024306894,True
1.589364024306894,True
1.589364024306894,True
1.589364024306894,True
1.589364024306894,True
1.589364024306894,True
1.589364024306894,True
1.589364024306894,True
1.589364024306894,True
1.589364024306894,True
1.589364024306894,True
1.589364024306894,True
1.589364024306894,True
1.589364024306894,True
4.806785422312883,True
4.806785422312883,True
6.184817172493517,True
7.5537493338737765,True
9.020800140392609,True
10.509661762100059,True
11.95258815877628,True
13.266756171879061,True
14.53277575818761,True
16.400131164374933,True
15.954717824742508,True
17.41647321028997,True
18.857192838147334,True
20.27746740297677,True
21.67837407679595,True
22.644604496101433,True
20.657896415332402,True
19.38692205732318,True
20.317324761270434,True
21.275206753287755,True
22.199227535839544,True
23.088346506604573,True
23.6655563132475,True
23.800994533177274,True
23.956841195724458,True
23.108484501641932,True
22.305331214755736,True
22.99893618356204,True
23.841181552298593,True
23.881761940346728,True
23.83799600723627,True
23.83799600723627,True
22.447681997189466,True
20.878797616430887,True
19.293986616348622,True
18.65599199432806,True
18.65599199432806,True
18.65599199432806,True
18.65599199432806,True
18.65599199432806,True
18.65599199432806,True
18.65599199432806,True
18.65599199432806,True
18.65599199432806,True
18.65599199432806,True
18.65599199432806,True
18.65599199432806,True
18.65599199432806,True
18.65599199432806,True
18.65599199432806,True
18.65599199432806,True
18.65599199432806,True
18.65599199432806,True
18.65599199432806,True
18.65599199432806,True
18.65599199432806,True
18.65599199432806,True
18.65599199432806,True
18.65599199432806,True
18.65599199432806,True
17.280484491807478,True
15.751354931673417,True
14.180731388883986,True
12.56916063374931,True
10.924423443907163,True
9.259446365699281,True
7.588799878634561,True
5.925599445168477,True
5.7931134632659615,True
5.7931134632659615,True
5.7931134632659615,True
5.7931134632659615,True
5.7931134632659615,True
5.7931134632659615,True
5.7931134632659615,True
5.7931134632659615,True
5.7931134632659615,True
5.7931134632659615,True
5.7931134632659615,True
5.7931134632659615,True
5.7931134632659615,True
5.7931134632659615,True
5.7931134632659615,True
5.7931134632659615,True
5.7931134632659615,True
5.7931134632659615,True
5.7931134632659615,True
5.7931134632659615,True
5.7931134632659615,True
5.7931134632659615,True
5.793113463265962,True
5.793113463265962,True
6.456299146588478,True
7.153272243113867,True
7.742680051207703,True
10.229184764346467,True
13.196494204177869,True
15.007774179507342,True
15.898097460432842,True
16.96619971427084,True
18.060846128870654,True
19.187723077005213,True
20.353828671127033,True
20.618827970815047,True
19.48218528151442,True
18.464533556878305,True
17.482496084893093,True
16.530372075532952,True
15.603326792106564,True
14.697226242256523,True
15.406316259200594,True
19.06813698757529,True
19.191935729310288,True
14.062033144862356,True
8.326245873717323,True
6.8781525366116965,True
4.458923045198311,True
1.9367475916784578,True
1.9367475916784578,True
1.9367475916784578,True
2.108611867151859,True
3.422648006630506,True
6.7270994985292925,True
9.811875483342952,True
10.082783413514786,True
9.035512140983585,True
7.868392826737053,True
6.8180756659281565,True
5.877051716587031,True
5.037899352068475,True
4.293196987075342,True
3.62987619539426,True
3.1049911116402558,True
2.753594755842255,True
2.2725967234203104,True
2.693051852179421,True
5.274540341205954,True
7.249243619623527,True
7.018743343978587,True
6.452743735731094,True
5.489767441114084,True
4.671270476299224,True
3.6298888166638195,True
1.8241875818930193,True
1.264293770736894,True
1.8593802838950904,True
1.5316509218308554,True
1.3587059125774767,True
1.3968411996733225,True
1.7251025354272111,True
4.71872167155236,True
7.1628557323052995,True
6.8630619240299975,True
6.393963326717203,True
6.044905219462918,True
5.404345001383884,True
5.137722513350842,True
4.8177025504760325,True
4.465172363919467,True
3.287554759714557,True
2.0075195979446923,True
2.4247934049051576,True
1.5806603726575206,True
1.8210895514793812,True
1.8210895514793812,True
1.8210895514793812,True
1.8210895514793812,True
1.8210895514793812,True
1.8210895514793812,True
1.8210895514793812,True
1.8210895514793812,True
1.8210895514793812,True
1.8210895514793812,True
1.8210895514793812,True
1.8210895514793812,True
1.8210895514793812,True
1.8210895514793812,True
1.8210895514793812,True
1.8210895514793812,True
1.8210895514793812,True
1.8210895514793812,True
1.8210895514793812,True
1.8210895514793812,True
1.8210895514793812,True
1.8210895514793812,True
1.8210895514793812,True
1.8210895514793812,True
1.8210895514793812,True
1.8210895514793812,True
1.8210895514793812,True
1.8210895514793812,True
1.8210895514793812,True
1.8210895514793812,True
1.8210895514793812,True
1.8210895514793812,True
1.8210895514793812,True
1.8210895514793812,True
1.8210895514793812,True
2.458994014230803,True
2.420900412305883,True
2.2895226190404174,True
2.1539245127675315,True
2.0142031761683232,True
1.8901929564380162,True
1.858586751093573,True
2.0825148129480278,True
2.188143551489973,True
2.185239889331893,True
2.1840680025757244,True
2.1884223623609156,True
2.202009605497299,True
2.228450588508472,True
2.2712814540674886,True
2.333953780407025,True
2.409111303768207,True
2.3226927832657975,True
1.9266671472916579,True
1.433602968772133,True
2.38346247498663,True
4.119834508816007,True
4.15076352232919,True
4.208561973713136,True
4.289875062751905,True
4.391302205125173,True
4.509403893193934,True
4.523803906852252,True
4.115381462148363,True
3.727916369484809,True
3.3603451725938194,True
3.2209788012523646,True
1.9283844792397185,True
4.781007616447272,True
5.614105321405906,True
3.42314462694335,True
1.90977322167589,True
1.635293670215147,True
1.635293670215147,True
1.635293670215147,True
1.635293670215147,True
1.635293670215147,True
1.635293670215147,True
1.635293670215147,True
1.635293670215147,True
1.635293670215147,True
1.635293670215147,True
1.635293670215147,True
1.635293670215147,True
1.635293670215147,True
1.635293670215147,True
1.635293670215147,True
1.635293670215147,True
1.635293670215147,True
1.635293670215147,True
1.635293670215147,True
1.635293670215147,True
3.209339455666778,True
5.03572163737648,True
4.265610348556093,True
3.211614141813775,True
2.63411616175304,True
4.361856730441984,True
6.5080150865681885,True
6.49517864512568,True
6.504791158126339,True
6.510650072030899,True
6.3867406624787115,True
6.3684236178102305,True
6.379688229580455,True
6.389288107871513,True
6.397300922407795,True
7.446624510463631,True
7.346518876235021,True
5.130712211777164,True
3.8295741682378166,True
11.410966961061767,True
11.307194943620308,True
9.166615702726554,True
7.561988467276992,True
14.297367813549247,True
14.236454717564538,True
12.19906846740719,True
10.156213758089818,True
8.11334830179498,True
5.748482584143209,True
8.103375691951783,True
12.183218186320495,True
10.376498250708797,True
8.428688686892688,True
9.43182008679806,True
11.651340553454297,True
10.323756965661584,True
9.012216591683053,True
8.957309245500536,True
11.962386827325973,True
11.689103110022948,True
11.775776352140644,True
13.266399014107455,True
13.744503528963516,True
30.0187907504335,True
30.884093263207607,True
27.290296085493758,True
25.76240318022878,True
25.705102282348566,True
25.699007217432918,True
25.699007217432918,True
25.699007217432918,True
25.30927330820453,True
24.392647446099275,True
23.172860002229694,True
21.86498764317619,True
20.526237385924592,True
18.534800975523922,True
16.347187432667734,True
15.458113347105428,True
15.458113347105428,True
15.458113347105428,True
15.458113347105428,True
15.458113347105428,True
15.458113347105428,True
15.458113347105428,True
15.458113347105428,True
15.458113347105428,True
15.458113347105428,True
15.458113347105428,True
15.458113347105428,True
15.458113347105428,True
15.458113347105428,True
15.458113347105428,True
15.458113347105428,True
15.458113347105428,True
15.458113347105428,True
15.458113347105428,True
15.458113347105428,True
15.458113347105428,True
15.458113347105428,True
15.458113347105428,True
15.458113347105428,True
15.458113347105428,True
15.458113347105428,True
17.638853861701534,True
19.131991680909007,True
20.38044035514847,True
21.710750519790345,True
23.074953909609707,True
23.651109985202012,True
23.651109985202012,True
23.651109985202012,True
23.651109985202012,True
23.651109985202012,True
23.651109985202012,True
23.651109985202012,True
23.651109985202012,True
23.651109985202012,True
23.651109985202012,True
23.651109985202012,True
23.651109985202012,True
23.651109985202012,True
23.651109985202012,True
23.651109985202012,True
23.651109985202012,True
23.651109985202012,True
23.651109985202012,True
23.651109985202012,True
28.24478572479222,True
28.24478572479222,True
28.310561131235623,True
26.591897420625802,True
26.393986809098127,True
27.412203885502677,True
27.888718740521817,True
27.6789368595124,True
27.36515009894933,True
27.011549733741532,True
26.626805806856204,True
26.208978078747823,True
25.756021824946775,True
25.265776407251856,True
25.387621983230293,True
25.324168602402153,True
14.928547595994994,True
8.571093119601024,True
7.012553517741447,True
6.3869803386058175,True
5.9134325665884235,True
5.913432566588423,True
5.913432566588423,True
5.608778895987126,True
5.242196735205151,True
4.495656337705221,True
3.628577464795239,True
2.8331087819765797,True
2.1410004325259595,True
1.807016718001529,True
2.1101560850958867,True
2.130029899474035,True
1.762862934168639,True
1.5853096844216794,True
1.547104746085978,True
1.4228969037548866,True
1.4228969037548866,True
1.4228969037548866,True
1.4228969037548866,True
1.4228969037548866,True
1.4228969037548866,True
1.4228969037548866,True
1.4228969037548866,True
1.4228969037548866,True
1.4228969037548866,True
1.4228969037548866,True
1.4228969037548866,True
1.4228969037548866,True
1.4228969037548866,True
1.4228969037548866,True
1.4228969037548866,True
1.4228969037548866,True
1.4228969037548866,True
1.4228969037548866,True
1.4228969037548866,True
1.4228969037548866,True
1.4228969037548866,True
1.4228969037548866,True
1.4228969037548866,True
1.4228969037548866,True
1.4228969037548866,True
1.3590699827645825,True
1.2574217954709717,True
1.1708784979192022,True
1.1708784979192022,True
1.1708784979192022,True
1.1708784979192022,True
1.1708784979192022,True
1.1708784979192022,True
1.1708784979192022,True
1.1708784979192022,True
1.1708784979192022,True
1.1708784979192022,True
1.1708784979192022,True
1.1708784979192022,True
1.1708784979192022,True
1.1708784979192022,True
1.1708784979192022,True
1.1708784979192022,True
1.1708784979192022,True
1.1708784979192022,True
1.1708784979192022,True
1.1708784979192022,True
1.1708784979192022,True
1.8596421449874814,True
3.523803675540463,True
4.437996906110218,True
4.738079233527901,True
5.080790092407311,True
5.399762449081732,True
5.691870695545969,True
5.950135562925252,True
6.697739316369126,True
8.870882805857045,True
11.388094986068408,True
14.270234752534204,True
17.599340789793413,True
20.236897134646046,True
22.359800564696556,True
22.76062003155355,True
22.93711669992471,True
23.1260547132893,True
23.328624972902094,True
23.5378597543602,True
23.57647472223674,True
23.608708680340573,True
23.63481153342314,True
22.39018288158362,True
17.95514708061171,True
17.323540331057814,True
8.40973471073324,True
8.170489350403539,True
8.170489350403539,True
8.170489350403539,True
8.170489350403539,True
8.170489350403539,True
8.170489350403539,True
8.170489350403539,True
8.170489350403539,True
8.170489350403539,True
8.170489350403539,True
8.170489350403539,True
8.170489350403539,True
8.170489350403539,True
8.170489350403539,True
8.170489350403539,True
8.170489350403539,True
8.170489350403539,True
8.170489350403539,True
8.170489350403539,True
8.170489350403539,True
8.170489350403539,True
8.170489350403539,True
8.170489350403539,True
8.170489350403539,True
8.170489350403539,True
8.170489350403539,True
8.170489350403539,True
8.170489350403539,True
8.170489350403539,True
8.170489350403539,True
8.170489350403539,True
8.170489350403539,True
8.170489350403539,True
8.170489350403539,True
8.170489350403539,True
8.170489350403539,True
8.170489350403539,True
8.170489350403539,True
8.156618568536926,True
8.156618568536926,True
8.156618568536926,True
8.156618568536926,True
8.156618568536926,True
8.156618568536926,True
8.156618568536926,True
8.156618568536926,True
8.156618568536926,True
8.156618568536926,True
8.156618568536926,True
8.156618568536926,True
8.156618568536926,True
8.156618568536926,True
8.156618568536926,True
8.156618568536926,True
8.156618568536926,True
8.156618568536926,True
8.156618568536926,True
8.156618568536926,True
17.606409761445217,True
17.606409761445217,True
18.348733734923943,True
19.157819105688016,True
19.985881850003064,True
20.831637467960054,True
21.693610109221098,True
22.570121599809685,True
23.45928161400609,True
24.358979384941996,True
25.266877387961433,True
26.180407464058344,True
27.09676987306713,True
28.01143822625384,True
29.611893733958805,True
29.6772044755767,True
26.235364618331452,True
24.400292944623065,True
21.306599438316045,True
23.05436286035639,True
23.671213189234955,True
23.945361128670452,True
24.659134618779984,True
25.460912325996222,True
25.880705903395587,True
26.276681259616822,True
26.80223277994224,True
26.900721177928286,True
15.34210007995251,True
14.460353436729328,True
14.460353436729328,True
14.460353436729328,True
14.460353436729328,True
14.460353436729328,True
14.460353436729328,True
14.460353436729328,True
14.460353436729328,True
14.460353436729328,True
14.460353436729328,True
14.460353436729328,True
14.460353436729328,True
14.460353436729328,True
14.460353436729328,True
14.460353436729328,True
14.460353436729328,True
14.460353436729328,True
14.460353436729328,True
14.460353436729328,True
14.460353436729328,True
14.460353436729328,True
14.460353436729328,True
14.460353436729328,True
14.460353436729328,True
14.460353436729328,True
14.460353436729328,True
14.460353436729328,True
14.460353436729328,True
14.460353436729328,True
14.460353436729328,True
14.460353436729328,True
14.460353436729328,True
14.460353436729328,True
14.298142772749573,True
14.147966693170902,True
14.019546229571569,True
13.906146041963868,True
13.183433631255344,True
12.223523873903424,True
11.768370493955324,True
11.768370493955324,True
11.768370493955324,True
11.768370493955324,True
11.768370493955324,True
11.768370493955324,True
11.768370493955324,True
11.768370493955324,True
11.768370493955324,True
11.768370493955324,True
11.768370493955324,True
11.768370493955324,True
11.768370493955324,True
11.768370493955324,True
11.768370493955324,True
11.768370493955324,True
11.768370493955324,True
11.768370493955324,True
11.768370493955324,True
11.768370493955324,True
11.768370493955324,True
12.38053144594624,True
12.38053144594624,True
13.681021014044065,True
15.166741352798079,True
16.817226039940863,True
18.538347836155353,True
20.218693988378607,True
21.072236838280936,True
21.653891548631115,True
22.23664252299995,True
22.8203914454825,True
23.405010215132258,True
23.990342707430266,True
24.575247170306504,True
24.822603124816748,True
25.116292272666808,True
25.73041122513166,True
26.343655936842577,True
26.955765273427637,True
27.566452044619098,True
28.17540436010754,True
28.78228694780909,True
29.38674247046311,True
29.98839286915584,True
30.586840756269563,True
30.677117648195242,True
30.243711861657868,True
29.78561632924179,True
29.3019888234471,True
28.152301916294604,True
28.40206816820461,True
29.08672033809556,True
28.512474690787016,True
27.07282259515107,True
25.669114882334803,True
24.30146877607682,True
22.591913222404642,True
20.128464938371053,True
17.057146124170842,True
13.560352674955379,True
11.988338505577218,True
9.988212059689065,True
9.81922173942086,True
9.81922173942086,True
9.81922173942086,True
8.621920198695598,True
7.787974958355238,True
7.264156911556398,True
6.998310282721719,True
6.696614166642628,True
6.28390799784557,True
5.772377929972572,True
5.476989058512888,True
5.476989058512888,True
5.476989058512888,True
5.476989058512888,True
5.476989058512888,True
5.476989058512888,True
5.476989058512888,True
5.476989058512888,True
5.476989058512888,True
5.476989058512888,True
5.476989058512888,True
5.476989058512888,True
5.476989058512888,True
5.476989058512888,True
5.476989058512888,True
5.476989058512888,True
5.476989058512888,True
5.476989058512888,True
5.476989058512888,True
5.476989058512888,True
5.476989058512888,True
5.476989058512888,True
5.476989058512888,True
5.923893018630612,True
6.304118686820946,True
6.460567262580675,True
5.3949942937188995,True
4.137437658482712,True
3.0435210013801592,True
3.1340624256012672,True
4.333841108604374,True
4.7075922949606,True
4.6182317259721275,True
4.395427632958968,True
2.8601333094426997,True
3.9577656405179367,True
3.2632097627103596,True
3.0538416417738223,True
2.730585101553745,True
1.6034368405333108,True
1.7233515733211733,True
1.5519738428170458,True
1.8891988071578956,True
1.7451388649740245,True
1.5325123503901974,True
1.3788002943900055,True
1.265269514232784,True
1.4257706986685903,True
1.5710078660496827,True
1.3046691721362822,True
1.6067598257100428,True
1.2532693768429397,True
1.1905978686433867,True
1.5405600161969975,True
1.7724306248416308,True
1.7559268643303367,True
1.458140621056156,True
1.6221781970667706,True
1.8413891611982456,True
2.1679501971600263,True
2.1236137590361697,True
1.5362792329319521,True
1.1053042550928969,True
1.1053042550928969,True
1.1053042550928969,True
1.1053042550928969,True
1.1053042550928969,True
1.1053042550928969,True
1.1053042550928969,True
1.1053042550928969,True
1.1053042550928969,True
1.1053042550928969,True
1.1053042550928969,True
1.1053042550928969,True
1.1053042550928969,True
1.1053042550928969,True
1.1053042550928969,True
1.1053042550928969,True
1.1053042550928969,True
1.1053042550928969,True
1.1053042550928969,True
1.1053042550928969,True
1.3422449905377507,True
1.3422449905377507,True
2.2983134224563857,True
3.4096608666374495,True
4.624586912260764,True
5.950371734950482,True
7.395239113807696,True
8.968458652293764,True
10.680440985854993,True
12.542813390216006,True
14.568455505435555,True
16.771463323015077,True
19.166992540908474,True
21.257286666807754,True
22.80819268992709,True
24.27847891260491,True
24.452151513161528,True
22.764979532460984,True
23.914964923796013,True
25.148537411890416,True
26.297241585598094,True
27.35886495953851,True
25.39455682845549,True
20.779479891249352,True
16.19922433236271,True
16.615644660863026,True
23.917371647552386,True
23.81508780390949,True
22.066871047830997,True
20.866880219605036,True
19.19485155196765,True
18.105993534840557,True
17.6096127206854,True
18.077928068725353,True
18.91585082590376,True
19.770812493529508,True
20.64180001794956,True
21.527622665605204,True
22.426910375221844,True
22.582717204159188,True
21.873144358311524,True
21.139799134503285,True
20.395783456407614,True
20.664594901558274,True
20.564126431098998,True
19.664541178958423,True
18.71419582235491,True
16.992295382949045,True
10.450481444472803,True
7.913823826092266,True
6.722631670748078,True
3.7312447159781232,True
1.600182360919014,True
1.600182360919014,True
1.600182360919014,True
4.077369399793063,True
4.511298098949106,True
4.2896906953206555,True
3.7038419949141215,True
3.1461922456949893,True
2.616811874009151,True
3.0802006091596974,True
3.3639294987757573,True
3.1066674354370414,True
2.689266885758775,True
2.2905572997183627,True
1.933304557599314,True
1.7604264144560025,True
1.9109926212399375,True
2.2691511978213814,True
2.169690641310361,True
1.9278835671800076,True
1.6639820214348777,True
1.7815395577884257,True
2.078187702694087,True
1.7693799111018849,True
1.4281830291552977,True
1.4471737328610625,True
2.1796577852420604,True
2.206898665767658,True
1.7934769195299685,True
1.3407635934505524,True
1.6706575260701295,True
1.9188930173761813,True
1.7313808575816323,True
1.5364788799660916,True
1.493136861206476,True
1.493136861206476,True
1.493136861206476,True
1.493136861206476,True
1.493136861206476,True
1.493136861206476,True
1.493136861206476,True
1.493136861206476,True
1.493136861206476,True
1.493136861206476,True
1.493136861206476,True
1.493136861206476,True
1.493136861206476,True
1.493136861206476,True
1.493136861206476,True
1.493136861206476,True
1.493136861206476,True
1.493136861206476,True
1.493136861206476,True
1.493136861206476,True
1.493136861206476,True
1.493136861206476,True
1.493136861206476,True
1.493136861206476,True
1.493136861206476,True
1.493136861206476,True
1.493136861206476,True
1.493136861206476,True
1.493136861206476,True
1.493136861206476,True
1.493136861206476,True
1.493136861206476,True
2.187369575819074,True
3.0352175406127655,True
4.0126613447022335,True
5.1370006250776825,True
6.394006582641797,True
7.474500298542005,True
8.547179195187987,True
9.616323956220366,True
9.74396300413156,True
9.74396300413156,True
9.74396300413156,True
9.74396300413156,True
9.74396300413156,True
9.74396300413156,True
9.74396300413156,True
9.74396300413156,True
9.74396300413156,True
9.74396300413156,True
9.74396300413156,True
9.74396300413156,True
9.74396300413156,True
9.74396300413156,True
9.74396300413156,True
9.74396300413156,True
9.74396300413156,True
9.74396300413156,True
9.74396300413156,True
9.74396300413156,True
9.74396300413156,True
11.711430837753307,True
11.711430837753307,True
11.904474941735533,True
12.103509817420834,True
12.238380109980033,True
12.444503840737013,True
12.617811319685218,True
12.724222925249215,True
12.758616292631828,True
12.748248053918626,True
12.696162799537502,True
12.817548085052008,True
13.112281786949291,True
13.41178051058806,True
13.562859719039304,True
13.31871293152912,True
12.967506424687791,True
12.742585513376115,True
12.817929070508221,True
12.871589895955468,True
11.780999177798753,True
11.24661479401989,True
10.470670572698667,True
9.388849060841238,True
8.31758807881213,True
7.261561845308681,True
6.225441880247064,True
6.186042748180633,True
8.541496277636979,True
9.16853377801614,True
8.006327606145573,True
6.147992749353642,True
4.340877649366851,True
4.340877649366851,True
3.5897409799258524,True
3.5897409799258524,True
3.5897409799258524,True
3.5897409799258524,True
3.5897409799258524,True
3.5897409799258524,True
3.5897409799258524,True
3.5897409799258524,True
3.5897409799258524,True
3.5897409799258524,True
3.5897409799258524,True
3.5897409799258524,True
3.5897409799258524,True
3.5897409799258524,True
3.5897409799258524,True
3.5897409799258524,True
3.5897409799258524,True
3.5897409799258524,True
3.5897409799258524,True
3.5897409799258524,True
3.5897409799258524,True
3.5897409799258524,True
3.5897409799258524,True
3.5897409799258524,True
3.5897409799258524,True
3.5897409799258524,True
3.5897409799258524,True
3.5897409799258524,True
3.5897409799258524,True
3.5897409799258524,True
3.5897409799258524,True
3.5897409799258524,True
3.5897409799258524,True
3.5897409799258524,True
3.5897409799258524,True
3.5897409799258524,True
3.5897409799258524,True
3.5897409799258524,True
3.5897409799258524,True
3.5897409799258524,True
5.59385502089803,True
6.0980238429425455,True
6.3394711183049495,True
6.425655628777117,True
6.351834204270534,True
6.132238187731402,True
5.792510932522476,True
5.361131946269729,True
5.069165726131342,True
5.069165726131342,True
5.069165726131342,True
5.069165726131342,True
5.069165726131342,True
5.069165726131342,True
5.069165726131342,True
5.069165726131342,True
5.069165726131342,True
5.069165726131342,True
5.069165726131342,True
5.069165726131342,True
5.069165726131342,True
5.069165726131342,True
5.069165726131342,True
5.069165726131342,True
5.069165726131342,True
5.069165726131342,True
5.069165726131342,True
5.069165726131342,True
5.069165726131342,True
5.069165726131342,True
5.902466470855365,True
5.902466470855365,True
6.717263412039797,True
7.649840244395811,True
8.651799168055236,True
9.724325073771654,True
10.868189198829757,True
12.083663863936861,True
13.275347531823986,True
14.193761413003424,True
15.112616615041336,True
16.02918354956009,True
16.94092501101285,True
17.84403201022845,True
19.342206260593112,True
20.681657344826412,True
22.305402605008986,True
22.266166435039825,True
17.612866234625216,True
17.061614589036537,True
17.798654543438396,True
18.619587637147845,True
19.44287211450355,True
20.23987753685067,True
21.069152310488104,True
22.004562594698182,True
22.89965674054848,True
23.7589477018798,True
24.549257621805342,True
24.845722205663073,True
25.093057218111937,True
25.292649044070835,True
25.29476702625605,True
24.703914866100448,True
24.131531626708334,True
23.575613898821313,True
23.034403828196005,True
22.506360579629362,True
21.90076866262577,True
18.919423855996428,True
16.037120999896622,True
15.275550564295658,True
15.480732845620677,True
15.410550587073201,True
11.117681410975912,True
6.942562800383139,True
3.8867767346565154,True
2.537079247159426,True
2.537079247159426,True
2.537079247159426,True
2.537079247159426,True
2.537079247159426,True
2.537079247159426,True
2.537079247159426,True
2.537079247159426,True
2.537079247159426,True
2.537079247159426,True
2.537079247159426,True
2.537079247159426,True
2.537079247159426,True
2.537079247159426,True
2.537079247159426,True
2.537079247159426,True
2.537079247159426,True
2.537079247159426,True
2.537079247159426,True
2.537079247159426,True
2.537079247159426,True
2.537079247159426,True
2.537079247159426,True
2.537079247159426,True
2.537079247159426,True
2.537079247159426,True
2.537079247159426,True
2.537079247159426,True
2.537079247159426,True
2.537079247159426,True
2.537079247159426,True
2.537079247159426,True
2.537079247159426,True
2.537079247159426,True
2.537079247159426,True
2.537079247159426,True
2.537079247159426,True
2.537079247159426,True
2.537079247159426,True
2.2224396211431046,True
1.9477709752216463,True
1.7338544886382983,True
1.5727234910169754,True
1.4577238838813371,True
1.3832461196741734,True
1.3445191872046034,True
1.3339894774206673,True
1.3339894774206673,True
1.3339894774206673,True
1.3339894774206673,True
1.3339894774206673,True
1.3339894774206673,True
1.3339894774206673,True
1.3339894774206673,True
1.3339894774206673,True
1.3339894774206673,True
1.3339894774206673,True
1.3339894774206673,True
1.3339894774206673,True
1.3339894774206673,True
1.3339894774206673,True
1.3339894774206673,True
1.3339894774206673,True
1.3339894774206673,True
1.3339894774206673,True
1.3339894774206673,True
1.3339894774206673,True
4.2954683734511,True
4.815473936734,True
4.974955865489561,True
5.007833068636128,True
7.111007644434425,True
10.249130272403553,True
12.016948813916553,True
16.320859079170077,True
19.05135930937466,True
19.16532587346421,True
19.13851474043183,True
8.396339807741304,True
7.434139675454175,True
7.15507674513068,True
6.977521999705094,True
7.8599180159419095,True
8.897633220093912,True
9.114166883670777,True
7.591174092725976,True
6.155629100531022,True
5.389984614623382,True
4.039153271650143,True
1.9584620792699161,True
1.9584620792699161,True
1.9584620792699161,True
1.9086260198173148,True
1.77001725619338,True
1.9154229447599274,True
1.741047218085967,True
1.2606933731385106,True
0.9726652773711063,True
1.2588658561859543,True
1.0953627751381958,True
0.924847368017143,True
0.9309241337982157,True
1.0438214185191803,True
1.257588815544575,True
1.487307351533474,True
1.759690416030637,True
2.0228773492287475,True
1.9078245339299666,True
2.1638549601613843,True
3.4112882941488607,True
5.294322150362936,True
6.0922509032468755,True
5.730251968561284,True
5.511744933537881,True
4.846407501955509,True
2.857149486424115,True
1.6059472890632307,True
1.8927271489601487,True
1.7687554314792253,True
1.4412281482012361,True
1.2410572210182187,True
1.0469507153050648,True
1.2417920842542851,True
1.5383090746294372,True
1.5404007019704937,True
1.5828200334670184,True
1.5828200334670184,True
1.5828200334670184,True
1.5828200334670184,True
1.5828200334670184,True
1.5828200334670184,True
1.5828200334670184,True
1.5828200334670184,True
1.5828200334670184,True
1.5828200334670184,True
1.5828200334670184,True
1.5828200334670184,True
1.5828200334670184,True
1.5828200334670184,True
1.5828200334670184,True
1.5828200334670184,True
1.5828200334670184,True
1.5828200334670184,True
1.5828200334670184,True
1.5828200334670184,True
1.5828200334670184,True
1.5828200334670184,True
1.5828200334670184,True
1.5828200334670184,True
1.5828200334670184,True
1.5828200334670184,True
1.5828200334670184,True
1.5828200334670184,True
1.5828200334670184,True
1.5828200334670184,True
1.5828200334670184,True
1.5828200334670184,True
1.5828200334670184,True
1.5828200334670184,True
1.5828200334670184,True
1.5828200334670184,True
1.5828200334670184,True
1.5828200334670184,True
1.5828200334670184,True
1.5828200334670184,True
1.5828200334670184,True
1.5828200334670184,True
1.5828200334670184,True
1.5448441416954501,True
1.5448441416954501,True
1.5448441416954501,True
1.5448441416954501,True
1.5448441416954501,True
1.5448441416954501,True
1.5448441416954501,True
1.5448441416954501,True
1.5448441416954501,True
1.5448441416954501,True
1.5448441416954501,True
1.5448441416954501,True
1.5448441416954501,True
1.5448441416954501,True
1.5448441416954501,True
1.5448441416954501,True
1.5448441416954501,True
1.5448441416954501,True
1.5448441416954501,True
1.5448441416954501,True
1.5448441416954501,True
1.5448441416954501,True
2.4784993910980244,True
3.716320286382637,True
2.3801326092945416,True
1.266706905382072,True
1.8255981770527179,True
3.989844128651879,True
6.279801874934467,True
6.226901985320943,True
5.909257734351927,True
4.649415920421524,True
3.5518747291659287,True
3.4075472492768903,True
4.24790652073837,True
7.050470504221216,True
9.73960037485733,True
8.632288789456581,True
4.814382335731534,True
2.7642404964899385,True
3.3779637364434008,True
3.842979610961988,True
5.000081031913319,True
6.312736287744757,True
6.894333448453811,True
7.943383325894549,True
8.03439926119413,True
7.027127400466365,True
6.615693443269336,True
1.3389090915590816,True
1.3389090915590816,True
1.2689900120956181,True
1.4946704448577466,True
1.690716766027467,True
1.8811858869693072,True
2.0519320649810653,True
1.640992047893997,True
1.2061513959858206,True
1.0279742905745215,True
1.2912668781955716,True
1.6900020229053956,True
1.9168255407731885,True
1.564214977437754,True
1.2582526908939324,True
1.1954477585217442,True
1.3370668187804533,True
1.5649041197722746,True
2.40565533532159,True
3.836374405500522,True
3.3512260272728738,True
2.8002687415613923,True
2.612719625891127,True
3.3990666606169886,True
2.8784096436565054,True
1.7834468939375705,True
1.4800190847218677,True
1.362955404341098,True
1.362955404341098,True
1.362955404341098,True
1.362955404341098,True
1.362955404341098,True
1.362955404341098,True
1.362955404341098,True
1.362955404341098,True
1.362955404341098,True
1.362955404341098,True
1.362955404341098,True
1.362955404341098,True
1.362955404341098,True
1.362955404341098,True
1.362955404341098,True
1.362955404341098,True
1.362955404341098,True
1.362955404341098,True
1.362955404341098,True
1.362955404341098,True
1.362955404341098,True
1.362955404341098,True
1.362955404341098,True
1.362955404341098,True
1.362955404341098,True
1.362955404341098,True
1.362955404341098,True
1.362955404341098,True
1.362955404341098,True
1.362955404341098,True
1.362955404341098,True
1.362955404341098,True
1.362955404341098,True
2.884901358471452,True
4.289133632963562,True
5.208437800082925,True
5.943881744425773,True
6.564737326448923,True
6.762083399629794,True
6.741519105619811,True
6.248785027295398,True
5.702341432850065,True
5.702341432850065,True
5.702341432850065,True
5.702341432850065,True
5.702341432850065,True
5.702341432850065,True
5.702341432850065,True
5.702341432850065,True
5.702341432850065,True
5.702341432850065,True
5.702341432850065,True
5.702341432850065,True
5.702341432850065,True
5.702341432850065,True
5.702341432850065,True
5.702341432850065,True
5.702341432850065,True
5.702341432850065,True
5.702341432850065,True
9.744550204687132,True
9.744550204687132,True
9.44034505350962,True
9.128201727346799,True
9.476801741533203,True
9.810730529219912,True
11.630334849870348,True
11.957889884472229,True
15.306298908548154,True
16.763011898471774,True
16.723335152016716,True
13.248034740095427,True
8.64914975049804,True
9.171239773726338,True
10.011217962096543,True
10.840686508331093,True
11.659850925061066,True
12.46627750739839,True
13.175170969851665,True
13.679716715386995,True
14.154753812514835,True
14.602714409743808,True
15.025952836890053,True
15.426743956166748,True
15.522914252600243,True
15.025701649882706,True
14.531704859110663,True
14.011510508601827,True
13.496322145321383,True
12.987322741902586,True
12.485558426731794,True
11.991937879705418,True
11.507233717563636,True
11.032085588026433,True
10.567004683404821,True
10.112379387730112,True
9.668481784399132,True
9.235476979369142,True
8.220201301012839,True
5.955822637549662,True
3.6233490201437775,True
1.2265796960825075,True
-0.21056562857819522,False
-0.0800339539172413,False
1.239690141676697,True
1.239690141676697,True
1.239690141676697,True
3.291876950294547,True
4.996629563379931,True
5.957384051316524,True
5.7638745717884206,True
5.127742891553757,True
4.5392294952647925,True
4.0011018426305425,True
3.512843167362467,True
3.384884124727448,True
3.384884124727448,True
3.384884124727448,True
3.384884124727448,True
3.384884124727448,True
3.384884124727448,True
3.384884124727448,True
3.384884124727448,True
3.384884124727448,True
3.384884124727448,True
3.384884124727448,True
3.384884124727448,True
3.384884124727448,True
3.384884124727448,True
3.384884124727448,True
3.384884124727448,True
3.384884124727448,True
3.384884124727448,True
3.384884124727448,True
3.384884124727448,True
3.384884124727448,True
3.384884124727448,True
3.384884124727448,True
3.384884124727448,True
3.384884124727448,True
3.384884124727448,True
2.9195129161368256,True
2.46604900510307,True
2.1625706540247664,True
2.01384668414097,True
1.8826668588395936,True
1.747660855129052,True
1.609648941124202,True
1.46164237105901,True
1.3233443808063468,True
1.243710242087288,True
1.2310598127448427,True
1.3420590003788542,True
1.947933936624464,True
1.832605449789983,True
1.4727536925623452,True
1.1158278784782094,True
1.1103990941729203,True
1.1103990941729203,True
1.1103990941729203,True
1.1103990941729203,True
1.1103990941729203,True
1.1103990941729203,True
1.1103990941729203,True
1.1103990941729203,True
1.1103990941729203,True
1.1103990941729203,True
1.1103990941729203,True
1.1103990941729203,True
1.1103990941729203,True
1.1103990941729203,True
1.1103990941729203,True
1.1103990941729203,True
1.1103990941729203,True
1.1103990941729203,True
1.1103990941729203,True
1.1103990941729203,True
1.1103990941729203,True
1.7997352189923173,True
2.5434003357910506,True
3.3237782096186534,True
3.667432892256534,True
3.998302829196448,True
4.350244284016796,True
4.724176753669676,True
5.121049943132147,True
5.541844203823013,True
5.905820837956208,True
7.575757250026939,True
10.425636618157169,True
12.060509005900247,True
14.334982206886085,True
18.109855745582443,True
25.389725711789037,True
25.281685205982832,True
26.258158500031044,True
28.22955475464523,True
30.136905489790635,True
31.604332189146383,True
32.22590255382584,True
33.4240741949818,True
32.82054932647099,True
17.431850237574032,True
3.724807608201526,True
-0.18410067534425334,False
0.8020865068302799,True
1.5718590192040856,True
1.5718590192040856,True
1.5718590192040856,True
2.505108459611706,True
3.4322215729127055,True
4.2985066791596624,True
5.10990819376773,True
5.871493494478091,True
6.587597819207289,True
7.261943534608279,True
7.897738507681442,True
8.497757470142606,True
9.064409539171855,True
8.833841351169546,True
8.455874890549424,True
7.9984369313829085,True
7.458470246693875,True
6.83318739066569,True
6.120110669593358,True
5.317110785057066,True
3.869852396684047,True
2.3356319768402583,True
2.8335703038275364,True
6.560678837396564,True
3.994475093631473,True
1.8516509915111956,True
2.688337923083933,True
2.6854771039009093,True
2.595334446126921,True
2.037749701153815,True
2.102059181093483,True
2.102059181093483,True
2.102059181093483,True
2.102059181093483,True
2.102059181093483,True
2.102059181093483,True
2.102059181093483,True
2.102059181093483,True
2.102059181093483,True
2.102059181093483,True
2.102059181093483,True
2.102059181093483,True
2.102059181093483,True
2.102059181093483,True
2.102059181093483,True
2.102059181093483,True
2.102059181093483,True
2.102059181093483,True
2.102059181093483,True
2.102059181093483,True
2.102059181093483,True
2.102059181093483,True
2.102059181093483,True
2.102059181093483,True
2.102059181093483,True
2.102059181093483,True
2.102059181093483,True
2.102059181093483,True
2.102059181093483,True
2.102059181093483,True
2.102059181093483,True
2.102059181093483,True
2.102059181093483,True
2.102059181093483,True
2.102059181093483,True
2.102059181093483,True
2.102059181093483,True
2.102059181093483,True
2.102059181093483,True
2.102059181093483,True
2.102059181093483,True
2.1224044963814963,True
2.069419332983611,True
2.3525841192223114,True
3.6593141575505657,True
3.522707984217866,True
3.3602588463011376,True
3.1886159737363067,True
3.0223394992837957,True
2.8619924974637287,True
2.8120306705411378,True
2.8120306705411378,True
2.8120306705411378,True
2.8120306705411378,True
2.8120306705411378,True
2.8120306705411378,True
2.8120306705411378,True
2.8120306705411378,True
2.8120306705411378,True
2.8120306705411378,True
2.8120306705411378,True
2.8120306705411378,True
2.8120306705411378,True
2.8120306705411378,True
2.8120306705411378,True
2.8120306705411378,True
2.8120306705411378,True
2.8120306705411378,True
2.8120306705411378,True
31.706405567535636,True
31.706405567535636,True
32.65398963879052,True
33.636318487808026,True
34.59569963949576,True
35.53659573831574,True
36.456150200018,True
37.294847920708236,True
38.09809483167503,True
38.26027233712387,True
40.04494259775752,True
36.92346369429226,True
39.32055349577888,True
32.34409854111372,True
33.00927164443105,True
18.124421017186002,True
17.410989658913003,True
17.143133752637013,True
1.078262909282497,True
1.078262909282497,True
1.3296609892775852,True
1.574902075801962,True
1.787386154882425,True
1.988483386113961,True
2.0619157303620046,True
2.0619157303620046,True
2.0619157303620046,True
2.0619157303620046,True
2.0619157303620046,True
2.0619157303620046,True
2.0619157303620046,True
2.0619157303620046,True
2.0619157303620046,True
2.0619157303620046,True
2.0619157303620046,True
2.0619157303620046,True
2.0619157303620046,True
2.0619157303620046,True
2.0619157303620046,True
2.0619157303620046,True
2.0619157303620046,True
2.0619157303620046,True
2.0619157303620046,True
2.0619157303620046,True
2.0619157303620046,True
2.696284465643359,True
3.3891372615834774,True
4.067696402816327,True
4.723904691547774,True
5.354161629732134,True
5.9569822542014785,True
6.531960821056058,True
6.765226947152233,True
6.765226947152233,True
6.765226947152233,True
6.765226947152233,True
6.765226947152233,True
6.765226947152233,True
6.765226947152233,True
6.765226947152233,True
6.765226947152233,True
6.765226947152233,True
6.765226947152233,True
6.765226947152233,True
6.765226947152233,True
6.765226947152233,True
6.765226947152233,True
6.765226947152233,True
6.765226947152233,True
6.765226947152233,True
6.765226947152233,True
14.947508530513819,True
14.947508530513819,True
14.709595417334596,True
14.325785817354838,True
15.95170414989849,True
18.091131732974265,True
19.437490689003624,True
19.0754013214956,True
18.533306416842137,True
19.79847431807209,True
22.12698078586724,True
24.062213857322785,True
23.791131509617117,True
23.42822777970474,True
23.07232802144615,True
22.1741380933087,True
21.261863130847917,True
20.335458331834424,True
19.394912504428273,True
18.440246939605835,True
17.471514075589738,True
16.488795964378973,True
15.492202551393346,True
15.026954005491241,True
27.33957358546564,True
24.233085469642436,True
23.677106751171912,True
23.324411953641885,True
23.299943817013535,True
4.209736099738807,True
4.209736099738807,True
5.576117217013393,True
6.015246652136889,True
5.600316876011962,True
4.593733992668861,True
3.573201260830718,True
2.657024801849761,True
1.864586826144712,True
1.691674748255793,True
1.7089972874979702,True
1.7089972874979702,True
1.7089972874979702,True
1.7089972874979702,True
1.7089972874979702,True
1.7089972874979702,True
1.7089972874979702,True
1.7089972874979702,True
1.7089972874979702,True
1.7089972874979702,True
1.7089972874979702,True
1.7089972874979702,True
1.7089972874979702,True
1.7089972874979702,True
1.7089972874979702,True
1.7089972874979702,True
1.7089972874979702,True
1.7089972874979702,True
1.7089972874979702,True
1.7089972874979702,True
1.7089972874979702,True
1.7089972874979702,True
1.7089972874979702,True
1.7089972874979702,True
1.7089972874979702,True
1.7089972874979702,True
1.7089972874979702,True
1.7089972874979702,True
1.7089972874979702,True
1.7089972874979702,True
1.7089972874979702,True
1.7089972874979702,True
3.89093646281836,True
5.9411906515824855,True
6.775189497508958,True
6.863751606545114,True
6.414079303861705,True
5.455475652939942,True
4.538725083205355,True
3.6958068108986493,True
3.398211917348716,True
3.398211917348716,True
3.398211917348716,True
3.398211917348716,True
3.398211917348716,True
3.398211917348716,True
3.398211917348716,True
3.398211917348716,True
3.398211917348716,True
3.398211917348716,True
3.398211917348716,True
3.398211917348716,True
3.398211917348716,True
3.398211917348716,True
3.398211917348716,True
3.398211917348716,True
3.398211917348716,True
3.398211917348716,True
3.398211917348716,True
